"If you are willing to buy this book for church, please write your name in Column A and drop it off at Room#215 on Sundays",,,,,,,,,,,
,,,,,,,,,,,
Donated By,#,Book Title,Denomination. ,Category by Age,Publisher,New/Used,Unit Price,Qty,Price,Link to Purchase,
,1,The Most Beautiful Images from the Bible: Sharing the Stories with Children,Catholic,5-9,Paulist Press (Catholic),Used,9,1,9,https://www.betterworldbooks.com/product/detail/the-most-beautiful-images-from-the-bible-sharing-the-stories-with-children-9780809167661?shipto=US&curcode=USD&utm_source=google&utm_medium=cpc&utm_campaign=Shopping-Used-Low&utm_content=194484263759&utm_term=&creative=804640276931&device=c&placement=&gad_source=1&gad_campaignid=23739868784&gbraid=0AAAAADMQnG8US0xUpTv4n6mxOr61XJmGJ&gclid=Cj0KCQjw4JbTBhCoARIsALWUaBuXRn6Xm2a6kaTUzFcrGvvmXE7B1WEOgylnYRZkko3K3Lla1fu5ItwaApKQEALw_wcB,
,2,We Are Made to Praise! by Esther Ruth Blair,General Christian,0-6,Köehler Books,New,6,1,6,https://www.amazon.com/We-Are-Made-Praise-Psalm/dp/1646634683,
,3,The Lord Is My Shepherd: Psalm 23 for Children - Softcover,General Christian,3-7,Lion Children's Books,Used,5,1,5,https://www.abebooks.com/9780745948591/Lord-Shepherd-Psalm-23-Children-0745948596/plp,
,4,The First Good Shepherd: Psalm 23 for Children,Catholic,3 & up,Paulist Press,New,13,1,13,https://www.amazon.com/First-Good-Shepherd-Martina-Steinkuhler/dp/0809167743,
,5,"ABRAHAM, Father of Nations",General Christian,4-8,Olive Press Publisher,New,11,1,11,https://www.walmart.com/ip/ABRAHAM-Father-of-Nations-Paperback-9780955444555/17036413625?wmlspartner=wlpa&selectedSellerId=0&veh=seo_fpl&cn=google,
,6,Abraham : Father of Our Faith by Cardinal Gianfranco Ravasi,Catholic,8-12,Paulist Press (Catholic),New,20,1,20,https://www.paulistpress.com/Products/6775-3/abraham.aspx?srsltid=AfmBOor7rvGSaCSDNOU_NRLJQNPHmpzn2hhgmn5ST3HsUURFGq6Rmb7Xvbg,
,7,Barnaby the Runaway Sheep,General Christian,4-8,Paraclete Press,New,17,1,17,https://catholic.store/products/barnaby-the-runaway-sheep?variant=46814021484759&country=US&currency=USD&utm_medium=product_sync&utm_source=google&utm_content=sag_organic&utm_campaign=sag_organic&srsltid=AfmBOooROlD05iyc4Y0nJFr2b_tiYDar_xOcERI4EcDBdPEmNUjFs0Fpfpg,
,8,The Sparrow Who Fell to the Ground,Catholic,4-10,Sophia Institute Press(Catholic),New,12,1,12,https://www.amazon.com/Sparrow-Who-Fell-Ground/dp/B0D9J5HGJS/ref=sr_1_1?crid=MQ5Z43RGD07J&dib=eyJ2IjoiMSJ9.ALiJCYwpZ_vqne_MdiX0UxXFE-t0txyGILlzH5G2EOn7H2OVAWy_IvZX1WUkWTW5Kg-LOcvXUfGEkgGnDqtt1A.p9eiyoLjAs6CBVa4nnm55tGOx4Z-NvAPzmiL61n5Uk8&dib_tag=se&keywords=The+Sparrow+Who+Fell+to+the+Ground&qid=1785106156&sprefix=the+sparrow+who+fell+to+the+ground%2Caps%2C147&sr=8-1,
,9,Daniel in the Lion's Den,Lutheran - Compatible with catholic teachings,5-9,Concordia Publishing House,New,4,1,4,https://www.christianbook.com/daniel-in-the-lions-den/larry-burgdorf/9780758618573/pd/618573?en=google&event=SHOP&kw=childrens-books-0-20%7C618573&p=1179710&utm_source=google&p=1244755&dv=c&cb_src=google&cb_typ=shopping&cb_cmp=23835087334&cb_adg=195026004863&cb_kyw=&utm_medium=shopping&gad_source=4&gad_campaignid=23835087334&gbraid=0AAAAAD_dTHbyvUW0j-KORu5UOmPEiZMgQ&gclid=Cj0KCQjw4JbTBhCoARIsALWUaBtRPKLfV-gKQDcgtKwaNHA8aLW3NN72ZICLee1FUpRtdzW1x9__Ta4aAqwcEALw_wcB,
,10,God the Father and the Best Day Ever,Catholic,3-7,OSV kids (Catholic),Used,6,1,6,https://www.worldofbooks.com/products/god-the-father-and-the-best-day-ever-book-gracie-jagla-9781681924403?sku=CIN1681924404G&gad_source=4&gad_campaignid=21957266543&gbraid=0AAAAAC04ib2hXUIuMa5klnfF8L2Yxs_5U&gclid=Cj0KCQjw4JbTBhCoARIsALWUaBuwEfHOvYDkRHExU3_lEYzQMptERsP6Zp_FhhV3Cta4L_4F3t3HDsAaAtjqEALw_wcB,
,11,The Grumpy Old Ox,Catholic,3-7,Sophia Institute Press(Catholic),Used,5,1,5,https://www.worldofbooks.com/products/grumpy-old-ox-book-anthony-destefano-9781644131787#9789520085265,
,12,When Jesus Speaks (Susan Joy),Catholic,5-9,Sophia Institute Press(Catholic),New,18,1,18,https://www.worldofbooks.com/products/when-jesus-speaks-book-susan-joy-bellavance-9798889112426#11096068391185,
,13,Building the Way to Heaven (Maura Roan),Catholic,7 & up,Emmaus Road Publishing (Catholic),New,11,1,11,https://www.amazon.com/Building-Way-Heaven-Tower-Pentecost/dp/1947792776/ref=sr_1_1?crid=1ACALD4XT2RMT&dib=eyJ2IjoiMSJ9.mGk6G5pvrMBA-ICCHKQEdg.CqkUyy4F_-HKuzxVaj_JGDQGxjJxiB_hfKx7rIITmuw&dib_tag=se&keywords=Building+the+Way+to+Heaven+%28Maura+Roan%29&qid=1785107397&sprefix=building+the+way+to+heaven+maura+roan+%2Caps%2C172&sr=8-1,
,14,Into the Sea Out of the Tomb (Maura Roan),Catholic,7 & up,Emmaus Road Publishing (Catholic),New,11,1,11,https://www.amazon.com/Into-Sea-Out-Tomb-Jonah/dp/1941447511/ref=sr_1_1?crid=3V8YXSYCKSD9Y&dib=eyJ2IjoiMSJ9.4fiXBpKQNEvIdVNkg4Zdw.x8TAH6j_veMR9v3bjeur_NLv90aXmNnVlaTWTBlaOqc&dib_tag=se&keywords=Into+the+Sea+Out+of+the+Tomb+%28Maura+Roan%29&nsdOptOutParam=true&qid=1785107607&sprefix=into+the+sea+out+of+the+tomb+maura+roan+%2Caps%2C178&sr=8-,
,15,Beloved Son: Joseph and Jesus (Maura Roan),Catholic,7 & up,Emmaus Road Publishing (Catholic),New,11,1,11,https://www.amazon.com/s?k=Beloved+Son%3A+Joseph+and+Jesus+%28Maura+Roan%29&crid=36IM7A1X79D81&sprefix=beloved+son+joseph+and+jesus+maura+roan+%2Caps%2C180&ref=nb_sb_noss,
,16,The Tree Planted in the Sea: Journey with St. Paul,Catholic,7 & up,Magnificat & Ignatius Press (Catholic),Used,11,1,11,https://www.worldofbooks.com/products/tree-planted-in-the-sea-book-judith-bouilloc-9781621647652#10647470145809,
,17,The Illustrated Parables of Jesus (picture book),Catholic,5-9,Magnificat & Ignatius Press (Catholic),New,3,1,3,https://www.comcenter.com/product/CATH-291/?utm_campaign=shopping&utm_medium=cpc&utm_source=shopping&gad_source=4&gad_campaignid=1301575831&gbraid=0AAAAADH6J_0ERwJKqH9wYUhldAxyWCY2Q&gclid=Cj0KCQjw4JbTBhCoARIsALWUaBuKuKqmHhZe7XGyXVFhVR2r0WaO0LBdOiRWN4svCwwLpjJO3EDvIaMaAr27EALw_wcB,
,18,"My Catholic Picture Bible Stories (Great Adventure Kids)
Jan Godfrey And Angela Jolliffe",Catholic,4-9,Ascension Press (Catholic),Used,3,1,3,https://www.abebooks.com/servlet/BookDetailsPL?bi=32282536861&dest=USA&ref_=ps_ggl_18382194370&cm_mmc=ggl-_-US_Shopp_Trade0to10-_-product_id=US9781950784288NEW-_-keyword=&gad_source=4&gad_campaignid=17190383930&gbraid=0AAAAAD3Y6gsdO958vxqzUsyzrbHjKu6vO&gclid=Cj0KCQjw4JbTBhCoARIsALWUaBvOPQfLB-cTu9QQSyxCkVqtehlf4AQCQotJSwQiuy1Yl57wR0vg5XEaAtWeEALw_wcB,
,19,Margaret's First Holy Week: The Pope's Cat  (Jon Sweeney),Catholic,6-10,Paraclete Press,Used,5,1,5,https://www.abebooks.com/servlet/SearchResults?ds=20&kn=Margaret%27s%20First%20Holy%20Week%20%28Jon%20Sweeney%29&sts=t&ref_=ds_ac_d_40,
,20,The Story of the First Easter Bunny,Catholic,4-10,Sophia Institute Press(Catholic),Used,5,1,5,https://www.abebooks.com/servlet/SearchResults?ds=20&kn=The%20Story%20of%20the%20First%20Easter%20Bunny&sts=t&ref_=ds_ac_d_35,
,21,The Gospel of John for Little Ones,Catholic,2-6,Marian Press (Catholic),Used,18,1,18,https://www.worldofbooks.com/products/gospel-of-john-for-little-ones-book-sara-beth-meyer-9781596146556#10695898792209,
,22,The Gospel of Luke for Little Ones,Catholic,2-6,Marian Press (Catholic),Used,15,1,15,https://www.abebooks.com/servlet/SearchResults?ds=20&kn=The%20Gospel%20of%20Luke%20for%20Little%20Ones&sts=t&ref_=ds_ac_d_34,
,23,The Gospel of Matthew for Little Ones,Catholic,2-6,Marian Press (Catholic),Used,8,1,8,https://www.abebooks.com/servlet/SearchResults?ds=20&kn=The%20Gospel%20of%20Matthew%20for%20Little%20Ones&sts=t&ref_=ds_ac_d_37,
,24,The Gospel of Mark for Little Ones,Catholic,2-6,Marian Press (Catholic),Used,11,1,11,https://www.abebooks.com/servlet/SearchResults?ds=20&kn=The%20Gospel%20of%20Mark%20for%20Little%20Ones&sts=t&ref_=ds_ac_d_34,
,25,Simon of Cyrene and the Legend of the Easter Egg,Catholic,4-7,Pauline Books & Media (Catholic),Used,4,1,4,https://www.abebooks.com/servlet/SearchResults?ds=20&kn=Simon%20of%20Cyrene%20and%20the%20Legend%20of%20the%20Easter%20Egg&sts=t&ref_=ds_ac_d_48,
,26,The First Easter (Michael Adams),Catholic,5-9,Aquinas Kids (Catholic),New,18,1,18,https://www.catholicgiftsandmore.com/product/the-first-easter-aquinas-press-g1005?srsltid=AfmBOorgB2zf2Emj5Gk0POHj3zwNjRLZv3nbuBh6R0jM7NOOJOOXKTDv,
,27,The End of the Fiery Sword: Adam and Eve and Jesus and Mary,Catholic,7 & up,Emmaus Road Publishing (Catholic),Used,11,1,11,https://www.amazon.com/s?k=The+End+of+the+Fiery+Sword%3A+Adam+and+Eve+and+Jesus+and+Mary&crid=ETA9X9YRJ86X&sprefix=the+end+of+the+fiery+sword+adam+and+eve+and+jesus+and+mary%2Caps%2C225&ref=nb_sb_noss_2,
,28,Make Room: A Child's Guide to Lent and Easter,General Christian,8-12,Paraclete Press,Used,7,1,7,https://www.abebooks.com/servlet/SearchResults?ds=20&kn=Make%20Room%3A%20A%20Child%27s%20Guide%20to%20Lent%20and%20Easter&sts=t&ref_=ds_ac_d_45,
,29,The World Waits (Elizabeth Pham),Catholic,0-6,Sophia Institute Press(Catholic),Used,7,1,7,https://www.worldofbooks.com/search?q=The%20World%20Waits%20(Elizabeth%20Pham),
,30,Your Valentine (Anthony DeStefano),Catholic,4-9,Sophia Institute Press(Catholic),Used,7,1,7,https://www.abebooks.com/servlet/SearchResults?ds=20&kn=Your%20Valentine%20%28Anthony%20DeStefano%29&sts=t&ref_=ds_ac_d_34,
,31,Dearest Children (Fr. Edward Flanagan),General Christian,4-11,Boys Town Press,New,17,1,17,https://www.booksamillion.com/p/Dearest-Children/Eli-Hernandez/9781944882235,
,32,From Bread and Wine to Saints Divine,Catholic,4-12,Sophia Institute Press(Catholic),Used,9,1,9,https://www.ebay.com/itm/366558958263?chn=ps&norover=1&mkevt=1&mkrid=711-117182-37290-0&mkcid=2&mkscid=101&itemid=366558958263&targetid=2450249296795&device=c&mktype=pla&googleloc=9196138&poi=&campaignid=21214315381&mkgroupid=188184246123&rlsatarget=pla-2450249296795&abcId=9407526&merchantid=101491674&gad_source=4&gad_campaignid=21214315381&gbraid=0AAAAAD_QDh_awQkfuvvDNwBqYQ5lrDhyD&gclid=CjwKCAjwyabTBhBFEiwAM3mNUEKkQhwfGHgz2jAaQ27sWmVZ9up3HCQEFN3rMkcFnKDLGC9obCk1UxoCh2cQAvD_BwE,
,33,My First Interactive Mass Book,Catholic,3 & up,Ascension Press (Catholic),Used,13,1,13,https://www.abebooks.com/servlet/SearchResults?ds=20&kn=My%20First%20Interactive%20Mass%20Book&sts=t&ref_=ds_ac_d_30,
,34,My First Catholic Bible Stories (Bethan),Catholic,1-3,Ascension Press (Catholic),Used,6,1,6,https://www.worldofbooks.com/products/my-first-catholic-bible-stories-book-james-kllai-9781950784271#9852147761425,
,35,Catholic Picture Bible by Lawrence G Lovasik,Catholic,5-9,Catholic Book Publishing Corp.,Used,4,1,4,https://www.worldofbooks.com/products/catholic-picture-bible-book-lawrence-g-lovasik-9780899424354?sku=CIN089942435XA&gad_source=4&gad_campaignid=21950873028&gbraid=0AAAAAC04ib06STgdYeifi5nlahp0rpDSL&gclid=CjwKCAjwyabTBhBFEiwAM3mNUCpZwIXajLNlBGvodaMhUUoG62vTm6O2eCinH0w2-4jUMSu61e8XTBoCuWkQAvD_BwE,
,36,The Catholic Children's Bible,Catholic,1-4,Regina Press (Catholic),Used,5,1,5,https://www.abebooks.com/servlet/SearchResults?ds=20&kn=The%20Catholic%20Children%27s%20Bible&sts=t&ref_=ds_ac_d_29,
,37,The Holy Bible Adapted for Young Readers,Catholic,5-10,Sophia Institute Press(Catholic),Used,11,1,11,https://www.abebooks.com/servlet/SearchResults?ds=20&kn=The%20Holy%20Bible%20Adapted%20for%20Young%20Readers&sts=t&ref_=ds_ac_d_40,
,38,The Gospel Told by the Animals,Catholic,4-10,Magnificat & Ignatius Press (Catholic),Used,7,1,7,https://www.worldofbooks.com/products/gospel-told-by-the-animals-book-bndicte-delelis-9781621642480#10092106219793,
,39,Petook: The Rooster Who Met Jesus,Catholic,4-8,Ignatius Press (Catholic),New,13,1,13,https://www.amazon.com/Petook-Rooster-Who-Met-Jesus/dp/162164457X/ref=pd_sbs_d_sccl_1_1/145-2751048-5115862?pd_rd_w=nKak0&content-id=amzn1.sym.aa738fbd-ad05-4d11-aae2-04b598db6305&pf_rd_p=aa738fbd-ad05-4d11-aae2-04b598db6305&pf_rd_r=PEBP21KV38KR36RV5PG2&pd_rd_wg=7Illz&pd_rd_r=5e2c718d-a16e-4815-9cee-069cf7c52a1e&pd_rd_i=162164457X&psc=1,
,40,YOUCAT for Kids,Catholic,8-12,Ignatius Press (Catholic),Used,4,1,4,https://www.abebooks.com/YOUCAT-Kids-Foundation-Ignatius-Press/32426554170/bd,
,41,Kiddie Cat: A Child's First Catechism,Catholic,2-5,TAN Books (Catholic),Used,6,1,6,https://www.abebooks.com/Kiddie-Cat-Childs-First-Catechism-Lesson/32445307673/bd,
,42,The Catholic Bible for Children,Catholic,4-10,Catholic Book Publishing Corp.,New,13,1,13,https://www.comcenter.com/product/CATH-96522/?utm_campaign=shopping&utm_medium=cpc&utm_source=shopping&gad_source=4&gad_campaignid=1301575831&gbraid=0AAAAADH6J_3B6RYnKue9McuyanUBaPaAZ&gclid=CjwKCAjwyabTBhBFEiwAM3mNUAvqoSSaQtsMn-vUchUVpM1PXPUx2iGDHX9NGvwjiSLXdEKg2oKPthoC6dQQAvD_BwE,
,43,My First Lift-and-Slide Bible,Catholic,3-5,Magnificat & Ignatius Press (Catholic),New,20,1,20,https://ignatius.com/my-first-lift-and-slide-bible-6flsbh/,
,44,The Gospel for Little Ones,Catholic,2-6,Magnificat & Ignatius Press (Catholic),Used,4,1,4,https://www.worldofbooks.com/products/gospel-for-little-ones-book-mate-roche-9781586175078#9999786049809,
,45,Tell Me About The Catholic Faith for Small Children,Catholic,3-6,Ignatius Press (Catholic),Used,6,1,6,https://www.worldofbooks.com/products/tell-me-about-the-catholic-faith-for-small-children-book-christine-pedotti-9781586179403#9943962976529,
,46,Picture Book of Saints (Fr. Lovasik),Catholic,4-11,Catholic Book Publishing Corp.,Used,4,1,4,https://www.worldofbooks.com/products/picture-book-of-saints-book-lawrence-g-lovasik-9780899422350#CIN0899422357A,
,47,Tomie dePaola's Book of Bible Stories,Protestant but its Catholic Compatible. No protestant teachings,4-8,G.P. Putnam's Son's Books for Young Readers,Used,6,1,6,https://www.worldofbooks.com/products/books-book-of-bible-stories-by-tomie-de-paola#9796731994385,
,48,The Spider Who Saved Christmas (Raymond Arroyo),Catholic,3-8,Sophia Institute Press(Catholic),Used,4,1,4,https://www.worldofbooks.com/products/spider-who-saved-christmas-book-raymond-arroyo-9781644132111#9816156111121,
,49,Our Lady's Wardrobe (Anthony DeStefano),Catholic,4-8,Sophia Institute Press(Catholic),Used,6,1,6,https://www.worldofbooks.com/products/our-lady-s-wardrobe-book-anthony-destefano-9781622826261#9831702331665,
,50,The Little Flower: A Parable of St. Therese of Lisieux ,Catholic,3-7,Our Sunday Visitor (Catholic),Used,10,1,10,https://www.thriftbooks.com/w/the-little-flower-a-parable-of-st-therese-of-liseux/21636169/item/45020864/?mkwid=%7cdc&pcrid=76897273066017&pkw=&pmt=be&slid=&product=45020864&plc=&pgrid=1230353808544789&ptaid=pla-4580496747882805&utm_source=bing&utm_medium=cpc&utm_campaign=Shopping+-+High+Vol+Scarce+-+%2410+-+%2450&utm_term=&utm_content=%7cdc%7cpcrid%7c76897273066017%7cpkw%7c%7cpmt%7cbe%7cproduct%7c45020864%7cslid%7c%7cpgrid%7c1230353808544789%7cptaid%7cpla-4580496747882805%7c&msclkid=42641d3677721991e4c6775c1b285329#idiq=45020864&edition=23058681,
,51,Christopher the Holy Giant,Catholic,4-8,"Holiday House (Also available from Ignatius Press, Magnificat, The Catholic company)",Used,8,1,8,https://www.worldofbooks.com/products/books-christopher-by-tomie-de-paola#9969945346321,
,52,The Lady of Guadalupe (picture book),Catholic,4-8,Magnificat & Ignatius Press (Catholic),New,17,1,17,https://www.worldofbooks.com/products/lady-of-guadalupe-book-tomie-depaola-9781621647508#10239836782865,
,53,Max and Benedict: A Bird's Eye View of The Pope's Daily Life,Catholic,4-8,Ignatius Press (Catholic),used,7,1,7,https://www.thriftbooks.com/w/max-and-benedict-a-birds-eye-view-of-the-popes-daily-life_jeanne-perego/1656864/item/7260606/?utm_source=google&utm_medium=cpc&utm_campaign=us_shopping_zombies_hvml_22797775610&utm_adgroup=&utm_term=&utm_content=764091475358&gad_source=4&gad_campaignid=22797775610&gbraid=0AAAAADwY45jtmdERzZfVzPOLMj3d4JHwz&gclid=Cj0KCQjw4JbTBhCoARIsALWUaBtjZYMIHUay4CrA9GjwSDTF4WXcAomwVHCBoLlveXSrYKyCqYzDVJsaAp2REALw_wcB#idiq=7260606&edition=6554550,
,54,Our Lady of Guadalupe (picture book) by Fr. Lawrence Lovasik,Catholic,4-8,Catholic Book Publishing Corp.,used,3,1,3,https://www.stjudeshop.com/shop-religious-articles/our-lady-of-guadalupe-picture-book/?sku=390PB&gad_source=1&gad_campaignid=21341955976&gbraid=0AAAAA9gxNOG8kwY7FHRmd7WtrNf0k6S-0&gclid=Cj0KCQjw4JbTBhCoARIsALWUaBs4MX59wwRBICI_7ijxXKHDcgJfF-qcju_JdfPzKEXp99PhZCy1FHoaAgwsEALw_wcB,
,55,David and Goliath (A Big golden book),General Christian,3-7,Golden Press (Western Publishing),used,7,1,7,https://www.thriftbooks.com/w/david-and-goliath-a-little-golden-book_barbara-shook-hazen/2451474/item/54064380/?utm_source=google&utm_medium=cpc&utm_campaign=shopping_everything_else_customer_acquisition_16970393167&utm_adgroup=&utm_term=&utm_content=593719077582&gad_source=1&gad_campaignid=16970393167&gbraid=0AAAAADwY45gIY65ZzNZ3HdqBw4vud6l88&gclid=Cj0KCQjw4JbTBhCoARIsALWUaBt3_60ksyN0nplqdG4WH2cFmGOSLZIEcKI6TUWYkJlfol11uDZYIEAaAhu6EALw_wcB#idiq=54064380&edition=60248690,
,56,"Saint Bernadette: The Miracle of Lourdes
By Brunor and Dominique Bar",Catholic,8-12,Pauline Books & Media (Catholic),used,30,1,30,https://www.alibris.com/search/books/isbn/9780819871312?invid=19000072313&utm_source=Google&utm_medium=cpc&utm_campaign=NMPi&gclsrc=aw.ds&gad_source=1&gad_campaignid=23766719020&gbraid=0AAAAAC92pG4TBR261tKT4g5rEP1BmS3-F&gclid=Cj0KCQjw4JbTBhCoARIsALWUaBt6QSr_YYjZ335HkcAQjTfoGUV6FNWF-KRTcuuR0qoByhKUf7OGVkgaAg6JEALw_wcB,
,57,The Life of Jesus (picture book),Catholic,4-8,Catholic Book Publishing Corp.,used,7,1,7,https://shop.catholicsupply.com/store/p/16135-Life-Of-Jesus-For-Children.aspx?gad_source=1&gad_campaignid=15729367351&gbraid=0AAAAADFzrAwx-pGnBJFGHTufVRXBpNFU3&gclid=Cj0KCQjw4JbTBhCoARIsALWUaBvqwfOCH8KyceOvr6myLOx4S7xgPoTh-H9w5LL_1XaF112gq8e2vhQaAqgFEALw_wcB,
,58,I Went to Mass (Katie Warner),Catholic,3-6,TAN Books (Catholic),used,9,1,9,https://www.abebooks.com/servlet/BookDetailsPL?bi=32485304217&dest=USA,
,59,The Mass for Little Ones by Mate Roche,Catholic,3-6,Magnificat & Ignatius Press (Catholic),used,6,1,6,https://www.worldofbooks.com/products/mass-for-little-ones-book-mate-roche-9781621645221?sku=CIN1621645223G&gad_source=1&gad_campaignid=21957266543&gbraid=0AAAAAC04ib0iUJRl9g6kQPlj2oPObdcDp&gclid=Cj0KCQjw4JbTBhCoARIsALWUaBv-GCITLYAbIdFgBtsnZqWYlwUzGnXu-O2Ut4aE-mRGX5vl-I7KWF4aAlEZEALw_wcB,
,60,The Weight of a Mass:A Tale of Faith (Josephine Nobisso),Catholic,5-10,Gingerbread House (Catholic),used,3,1,3,https://www.abebooks.com/servlet/BookDetailsPL?bi=32346292752&dest=USA,
,61,"Jesus, I Adore You: Children Praying Before the Blessed Sacrament",Catholic,5-11,Ignatius Press (Catholic),used,10,1,10,https://www.thriftbooks.com/w/jesus-i-adore-you-children-praying-before-the-blessed-sacrament_sabine-du-mesnil/27414080/item/44378983/?utm_source=google&utm_medium=cpc&utm_campaign=shopping_new_condition_books_high_14637440387&utm_adgroup=&utm_term=&utm_content=545752455739&gad_source=1&gad_campaignid=14637440387&gbraid=0AAAAADwY45izAQArRwHssto2wQ_paxwdA&gclid=Cj0KCQjw4JbTBhCoARIsALWUaBu603m5MZFAga9peubm3_nB-86XlueSzDMGWCalCI2XwZRXP1FKRjEaAghbEALw_wcB#idiq=44378983&edition=58954614,
,62,"Bambinelli Sunday: A Christmas Blessing
By Amy Welborn",Catholic,7-10,Franciscan Media (Catholic),used,7,1,7,https://www.thriftbooks.com/w/bambinelli-sunday-a-christmas-blessing_amy-welborn/3181664/item/17434908/?utm_source=google&utm_medium=cpc&utm_campaign=us_shopping_zombies_hvs_21811042479&utm_adgroup=&utm_term=&utm_content=717415192734&gad_source=4&gad_campaignid=21811042479&gbraid=0AAAAADwY45j8kvUPx2EJ3eA8Kw0cP7hpL&gclid=Cj0KCQjw4JbTBhCoARIsALWUaBvRY3WzCG6pnUGL5-ts1L_2dOAnjfdAbnS9a_qEGsaNjcCcW1_6KW0aAlkmEALw_wcB#idiq=17434908&edition=7766015,
,63,Francis: The Poor Man of Assisi (Tomie dePaola),Catholic,4-9,Holiday House,used,7,1,7,https://www.betterworldbooks.com/product/detail/francis-the-poor-man-of-assisi-9780823404353?shipto=US&curcode=USD&utm_source=google&utm_medium=cpc&utm_campaign=pMax-Used-USA&utm_content=&utm_term=&creative=&device=c&placement=&gad_source=1&gad_campaignid=16440140764&gbraid=0AAAAADMQnG-XyIYLaMAIBH2NtjOlCkYzb&gclid=Cj0KCQjw4JbTBhCoARIsALWUaBvN0rzde7J5xr8wbsvBdScvEI5EeiUtVo_N4IJFak4hFkvD2lrxdrIaAk7nEALw_wcB,
,64,The Clown of God (Tomie dePaola),Catholic compatible,4-8,Simon & Schuster Books for Young Readers,used,4,1,4,https://www.abebooks.com/servlet/BookDetailsPL?bi=32282495459&dest=USA,
,65,Patrick: Patron Saint of Ireland (Tomie dePaola),Catholic compatible,5-8,Holiday House,used,6,1,6,https://www.abebooks.com/servlet/BookDetailsPL?bi=32487714146&dest=USA&ref_=ps_ggl_18382194370&cm_mmc=ggl-_-US_Shopp_Trade0to10-_-product_id=US9780823409242USED-_-keyword=&gad_source=1&gad_campaignid=17190383930&gbraid=0AAAAAD3Y6guWzEWxmLMafBAZNcIU5tpJy&gclid=Cj0KCQjw4JbTBhCoARIsALWUaBvR37M4KsPdKj-vB7slyfU38L1mY11QyfHAFGzXEj-ke0fb6LOI9HUaAgIzEALw_wcB,
,66,"Mary, the Mother of Jesus
Author: Tomie DePaola",Catholic,5-9,Holiday House,new,15,1,15,https://ignatius.com/mary-the-mother-of-jesus-6maryh/,
,67,The Story of Noah's Ark,Catholic,4-7,Magnificat & Ignatius Press (Catholic),used,4,1,4,https://www.christianbook.com/the-story-of-noahs-ark/allia-zobel-nolan/9780825455322/pd/455324?en=google&event=SHOP&kw=childrens-books-0-20%7C455324&p=1179710&utm_source=google&p=1238751&dv=c&cb_src=google&cb_typ=pmax&cb_cmp=21788738292&cb_adg=&cb_kyw=&utm_medium=shopping&gad_source=1&gad_campaignid=21788738559&gbraid=0AAAAAD_dTHbHNjN91QKG2wEEfeMbIR2P6&gclid=Cj0KCQjw4JbTBhCoARIsALWUaBtCgYgJCirX4XtBVJi4XYRPLGp76csPPFYpWsI1s1p7ZNb0VieWu-oaAlfTEALw_wcB,
,68,Baby's First Bible,Protestant but its Catholic Compatible. No protestant teachings,2-5,Zonderkidz,used,7,1,7,https://www.christianbook.com/babys-first-bible/9780310704485/pd/04480?en=google&event=SHOP&kw=childrens-bibles-0-20%7C04480&p=1179710&utm_source=google&p=1234073&dv=c&cb_src=google&cb_typ=shopping&cb_cmp=20704420694&cb_adg=150161845570&cb_kyw=&utm_medium=shopping&gad_source=1&gad_campaignid=20704420694&gbraid=0AAAAAD_dTHYNNkl_zFaZ5nhUFkyM74cRh&gclid=Cj0KCQjw4JbTBhCoARIsALWUaBuR0tLKi0OxBx02Le2T5oAI3aTONLu6BJhd1rb52Ft6SWBHHZujwfIaAr91EALw_wcB,
,69,Saint Nicholas: The Giftgiver (picture book),General Christian,4-8,IVP Kids,used,7,1,7,https://www.thriftbooks.com/w/saint-nicholas-the-giftgiver_ned-bustard/28438976/item/89905609/?utm_source=google&utm_medium=cpc&utm_campaign=us_shopping_childrens_22852179116&utm_adgroup=&utm_term=&utm_content=766933689252&gad_source=1&gad_campaignid=22852179116&gbraid=0AAAAADwY45gsLmUqO4swj3uFr5GwxoXCC&gclid=Cj0KCQjw4JbTBhCoARIsALWUaBtNxbryWjqZI1FAqmOIrDmIl1XT9RZxoKl8aKKJ__NtQkKAL6ljMtMaAuSjEALw_wcB#idiq=89905609&edition=59285403,
,71,God Made Everything (board book),General Christian,0-4,Balboa Press Australia,used,16,1,16,https://www.thriftbooks.com/w/god-made-everything/18520370/item/25650166/?utm_source=google&utm_medium=cpc&utm_campaign=shopping_new_condition_books_high_14637440387&utm_adgroup=&utm_term=&utm_content=545752455739&gad_source=1&gad_campaignid=14637440387&gbraid=0AAAAADwY45h9QNEIGROjE6Zwi2q6K432m&gclid=Cj0KCQjw4JbTBhCoARIsALWUaBs7GrBdBIH253wx3SmPrdIuSNhl6Gd871w4QaBKC7ADKs56RJiv5k8aAkToEALw_wcB#idiq=25650166&edition=19694915,
,72,"Good Night, God Bless
by Susan Heyboer O'keefe",Catholic compatible,2-5,Henry Holt and Co. (BYR),used,5,1,5,https://www.worldofbooks.com/products/good-night-god-bless-book-susan-heyboer-o-keefe-9780805060089?sku=CIN0805060081G&gad_source=1&gad_campaignid=22584138175&gbraid=0AAAAAC04ib35_YOvqNPknU7gmlnWuCIzs&gclid=Cj0KCQjw4JbTBhCoARIsALWUaBveTzV9EO0Xs7KxSwi6C9Nv4CfFXLHzdEBahkGl5sm8rwkrBqGiy3AaAp6DEALw_wcB,
,73,Jesus Loves Me (board book),General Christian,1-4,WorthyKids,used,4,1,4,https://www.worldofbooks.com/products/jesus-loves-me-book-laura-logan-9780824918392?sku=CIN0824918398A&gad_source=1&gad_campaignid=21961281823&gbraid=0AAAAAC04ib25-V_FIHWWKCid8_uBENQNk&gclid=Cj0KCQjw4JbTBhCoARIsALWUaBsR6aJDz9l335epkv7tpbQ6IwKQH8cWR6eEEHeed0XmIluxlBchrJAaAn95EALw_wcB,
,74,My Catholic ABC's,Catholic,2-4,OSV kids (Catholic),used,9,1,9,https://www.abebooks.com/servlet/BookDetailsPL?bi=32438327799&dest=USA&ref_=ps_ggl_18382194370&cm_mmc=ggl-_-US_Shopp_Trade0to10-_-product_id=US9781639662418USED-_-keyword=&gad_source=1&gad_campaignid=17190383930&gbraid=0AAAAAD3Y6guQX5ITwBqSrgohGOC33bcKV&gclid=Cj0KCQjw4JbTBhCoARIsALWUaBuhpaI76_LlRnqnXK_diPJe-yITlJU2ZpW--KWZ3ClPhXTwBNcN6JQaAms0EALw_wcB,
,75,The Christmas Miracle of Jonathan Toomey,Catholic compatible,6-9,Candlewick Press,used,5,1,5,https://www.worldofbooks.com/products/christmas-miracle-of-jonathan-toomey-with-cd-book-susan-wojciechowski-9780763636296?sku=CIN0763636290G&gad_source=1&gad_campaignid=22584138175&gbraid=0AAAAAC04ib35_YOvqNPknU7gmlnWuCIzs&gclid=Cj0KCQjw4JbTBhCoARIsALWUaBvNCXL-_BbeP19HiNefB8Tu7vL-lZWZkHiAzqiWDepn5Wuck90cnDAaAkavEALw_wcB,
,76,God Gave Us You,Catholic compatible,0-3,WaterBrook Children's,used,4,1,4,https://www.worldofbooks.com/products/god-gave-us-you-book-lisa-tawn-bergren-9780307729910?sku=CIN0307729915VG&gad_source=1&gad_campaignid=21950873028&gbraid=0AAAAAC04ib3KTDwZhPju2UwRxe57TpO0T&gclid=Cj0KCQjw4JbTBhCoARIsALWUaBs56cbEEFN5NMIPHF84yA6k6dsp7YayWs6eX7NdI4ZHahZnurDrKbgaApdzEALw_wcB,
,77,The Very First Christmas (picture book),Catholic compatible,5-10,Concordia Publishing House,used,4,1,4,https://www.worldofbooks.com/products/very-first-christmas-book-paul-l-maier-phd-9780758606167?sku=CIN0758606168G&gad_source=1&gad_campaignid=21957241094&gbraid=0AAAAAC04ib3IUdgXrI9JOYPMzEAjEcJ03&gclid=Cj0KCQjw4JbTBhCoARIsALWUaBsecWhTdP837yKD2n1MgEFxvCcZMZxq1poKVpM9TuJ9DRpZfpKQx1waAsH3EALw_wcB,
,78,The Easter Story for Children,Catholic compatible,4-8,Zonderkidz,used,4,1,4,https://www.worldofbooks.com/products/easter-story-for-children-book-max-lucado-9780310735946?sku=CIN0310735947G&gad_source=1&gad_campaignid=21957193565&gbraid=0AAAAAC04ib2bd3rmGicr7wR7EoOUoVRgJ&gclid=Cj0KCQjw4JbTBhCoARIsALWUaBtuuPAy2Fho8MheCQXdN0in0-o7eeaXCZCEcrKKLYSTSuNwlB4VkhIaAkBCEALw_wcB,
,79,My First Holy Communion Book,Catholic,6-9,Magnificat & Ignatius Press (Catholic),used,4,1,4,https://www.worldofbooks.com/products/my-first-holy-communion-book-deirdre-mary-ascough-9781586177089?sku=CIN1586177087G&gad_source=1&gad_campaignid=21956371336&gbraid=0AAAAAC04ib0-WOgmU053tEKXU1sVVHQmU&gclid=Cj0KCQjw4JbTBhCoARIsALWUaBsH5Mq1OstUd8mEik72FwJuwbhxn_wHKkH_CJOwK-FVl7CWY_F_negaApO9EALw_wcB,
,80,Saint Joseph by Maria Riley,Catholic,6-10,Rooted River Press(Catholic),used ,4,1,4,https://www.worldofbooks.com/products/saint-joseph-book-maria-riley-9781959607007?sku=CIN1959607006G&gad_source=1&gad_campaignid=21957241094&gbraid=0AAAAAC04ib3IUdgXrI9JOYPMzEAjEcJ03&gclid=Cj0KCQjw4JbTBhCoARIsALWUaBvoUrlVITjA659Y0olrE58ozqmX_PwSCMJqeg780JIoPqw7Uv0kgzYaApO5EALw_wcB,
,81,Ishmael: The Shepherd Boy of Bethlehem,Catholic,6-10,Magnificat & Ignatius Press (Catholic),used,7,1,7,https://www.thriftbooks.com/w/ishmael-the-shepherd-boy-of-bethlehem/9284571/item/43092150/?utm_source=google&utm_medium=cpc&utm_campaign=us_shopping_zombies_hvml_22797775610&utm_adgroup=&utm_term=&utm_content=764091475358&gad_source=1&gad_campaignid=22797775610&gbraid=0AAAAADwY45gHjhRLvi52n1cjYjOB9erzl&gclid=Cj0KCQjw4JbTBhCoARIsALWUaBvVWb3jyLLAOLWmL4TXyKdO70AS7lP5aq5oZ8w_v5Q33N1E6Aw4nOEaAqICEALw_wcB#idiq=43092150&edition=45133953,
,82,My ABC of God Loves Meby Tommy Nelson,Catholic compatible,1-4,Tommy Nelson,used,5,1,5,https://www.worldofbooks.com/products/my-abc-of-god-loves-me-book-tommy-nelson-9781400322756?sku=CIN1400322758A&gad_source=1&gad_campaignid=21961281823&gbraid=0AAAAAC04ib25-V_FIHWWKCid8_uBENQNk&gclid=Cj0KCQjw4JbTBhCoARIsALWUaBtffK2r05ksYVANui5hm5li5djfBN3YvgvX_we9RUKUrVQfxLa79jsaAlAdEALw_wcB,
,83,Light of the Sacraments,Catholic,4-12,Word on Fire Votive (Catholic),used,12,1,12,https://www.abebooks.com/servlet/BookDetailsPL?bi=32218792705&dest=USA&ref_=ps_ggl_17730880232&cm_mmc=ggl-_-US_Shopp_Trade_10to20-_-product_id=US9781685781194USED-_-keyword=&gad_source=1&gad_campaignid=17190383924&gbraid=0AAAAAD3Y6gt0gdw-MQ2mMt1n9J1OoZ3vw&gclid=Cj0KCQjw4JbTBhCoARIsALWUaBs35uFLEzHpU8jywdecgMwJSAtiu04ycUpfrJmec14TzcwE29HuHlUaAlE0EALw_wcB,
,84,"Light of the Saints
by Cory Heimann",Catholic,4-12,Word on Fire Votive (Catholic),used,6,1,6,https://www.worldofbooks.com/products/light-of-the-saints-book-cory-heimann-9781685780296?sku=CIN1685780296G&gad_source=1&gad_campaignid=21961281823&gbraid=0AAAAAC04ib25-V_FIHWWKCid8_uBENQNk&gclid=Cj0KCQjw4JbTBhCoARIsALWUaBuVhZHRcU2axI6hb2smfDeq3F7TEFWDJX_FQWfjkgzzOiKCBqno5yQaAltFEALw_wcB,
,85,"My Baptism Book
By: Sophie Piper",Catholic compatible,0-3,Paraclete Press,used,7,1,7,https://www.christianbook.com/my-baptism-book-sophie-piper/9781640607613/pd/607617?en=google&event=SHOP&kw=books-0-20%7C607617&p=1179710&utm_source=google&p=1234083&dv=c&cb_src=google&cb_typ=shopping&cb_cmp=20379181146&cb_adg=157175267691&cb_kyw=&utm_medium=shopping&gad_source=4&gad_campaignid=20379181146&gbraid=0AAAAAD_dTHZw8Yh3gGShq1rfGdsfpD4n3&gclid=Cj0KCQjw4JbTBhCoARIsALWUaBsqxHH8dUtSnrfT3PP5FopIJlfw6FW1_bpJNVQMAbAgKIaqm1Ib32EaAjnMEALw_wcB,
,86,A Child's Garden of Prayers,Lutheran heavy. Has no anti-catholic language but contains German Protestant heritage like Martin Luther's MorNing and eveniNg blessings.,4-8,Concordia Publishing House,used,7,1,7,https://www.thriftbooks.com/w/a-childs-garden-of-prayer-a-classic-collection_concordia-publishing-house_marilynn-barr/1385134/item/174784/?utm_source=google&utm_medium=cpc&utm_campaign=us_shopping_zombies_lvbl_22798529178&utm_adgroup=&utm_term=&utm_content=764389928151&gad_source=1&gad_campaignid=22798529178&gbraid=0AAAAADwY45j8S2nGDMbtU97gvbel_zZAn&gclid=Cj0KCQjw4JbTBhCoARIsALWUaBsCpMWeL-BO7N3aEi1MPKO-Q96ung0Q9nHDeRXyDVlA6-82WDCodDsaAlHMEALw_wcB#idiq=174784&edition=4508153,
,87,Jesus and the Children (picture book),Protestant but its Catholic Compatible. No protestant teachings,3-6,Rand McNally & Company,used,8,1,8,https://www.thriftbooks.com/w/jesus-and-the-children_mary-alice-jones/54625566/item/87816322/?utm_source=google&utm_medium=cpc&utm_campaign=shopping_everything_else_customer_acquisition_16970393167&utm_adgroup=&utm_term=&utm_content=593719077582&gad_source=1&gad_campaignid=16970393167&gbraid=0AAAAADwY45htqSaYVLdkRFeDGoClMsqHp&gclid=Cj0KCQjw4JbTBhCoARIsALWUaBvHUj2gzyaBY4DKk5_T14UMisgmVpb1qiXIkOOfkmECoYCQ3PbdjzIaAszLEALw_wcB#idiq=87816322&edition=57771336,
,88,Little Visits with God,Lutheran. Catholic compatible. No protestant teachings,7-10 but parents can read it out for kids 4-5,Concordia Publishing House,used,7,1,7,https://www.betterworldbooks.com/product/detail/little-visits-with-god-9780570030164?shipto=US&curcode=USD&utm_source=google&utm_medium=cpc&utm_campaign=Shopping-Used-Strong&utm_content=194484262799&utm_term=&creative=804640276775&device=c&placement=&gad_source=1&gad_campaignid=23739868778&gbraid=0AAAAADMQnG9WwdKQ6xlKRLsHUmKefXCuT&gclid=Cj0KCQjw4JbTBhCoARIsALWUaBsDI5Yth8rYfmjIiAo7zqLfWQaBBFozTr6_7lAil5vmfdMl6GYdKgUaAg97EALw_wcB,
,89,"Song of the Seasons: Discovering God's Handiwork in Spring, Summer, Fall, and Winter",Catholic compatible,3-8,Paraclete Press,used,10,1,10,https://www.thriftbooks.com/w/song-of-the-seasons_glenys-nellist/39682455/item/88030525/?utm_source=google&utm_medium=cpc&utm_campaign=us_shopping_zombies_hvs_21811042479&utm_adgroup=&utm_term=&utm_content=717415192734&gad_source=4&gad_campaignid=21811042479&gbraid=0AAAAADwY45gcKBl673xFQfjfYaUCT8Igu&gclid=Cj0KCQjw4JbTBhCoARIsALWUaBvBf5pTk2QIC9jHsjWFLVYYB2bgCTs6t_2DWvB5Z80DTiB072lbGngaAoLpEALw_wcB#idiq=88030525&edition=68011990,
,90,A Baby Born in Bethlehem,Catholic compatible,5-9,Albert Whitman & Company,used,9,1,9,https://www.worldofbooks.com/products/baby-born-in-bethlehem-book-martha-w-hickman-9780807555231?sku=CIN0807555231G&gad_source=1&gad_campaignid=21951251496&gbraid=0AAAAAC04ib2fyB6BkzO15wf7hu4LPROW9&gclid=Cj0KCQjw4JbTBhCoARIsALWUaBvECt5Vk3RUwvOe4tvpGt8Z-E_CruiA7WFSd19xkc_a7Dy3m5qKuG4aAl7vEALw_wcB,
,91,My First Stations of the Cross,Catholic,4-12,Catholic Family Crate.,used,17,2,34,https://catholicfamilycrate.com/products/stations-of-the-cross-book?variant=46572214911154&country=US&currency=USD&utm_medium=product_sync&utm_source=google&utm_content=sag_organic&utm_campaign=sag_organic&utm_source=google&utm_medium=paid-search&utm_campaign=21013162031&utm_adgroup=&utm_content=&utm_term=&gad_source=4&gad_campaignid=21013163642&gbraid=0AAAAApnfZkpklO5_o79ECWH8YBBG4KGPN&gclid=Cj0KCQjw4JbTBhCoARIsALWUaBvvd-cvcrLsm39xIzxBgB8AdjD0urdanTysT3imYAQVTRdpQv5uLpgaAvceEALw_wcB,
,92,A Child's First Prayerbook (Fr. Lovasik),Catholic,4-8,Catholic Book Publishing Corp.,new,3,1,3,https://www.catholicfreeshipping.com/st-joseph-picture-book-series-my-first-prayer-book-by-father-lovasik-288/,
,93,A Boy and His Angel ,Catholic,4-6,Cruachan Hill Press (Catholic),new,10,1,10,https://www.cruachanhill.com/products/a-boy-and-his-angel,
,94,The Story of Pentecost for Children,Lutheran. No anti-catholic theology. Catholic compatible.,5-8,Concordia Publishing House,new,4,1,4,https://www.worldofbooks.com/products/pentecost-story-arch-books-book-elizabeth-jaeger-9780758646040?sku=CIN0758646046G&gad_source=4&gad_campaignid=21961281823&gbraid=0AAAAAC04ib0Rp9VAgDsnR1m9cyOV0Zlhh&gclid=Cj0KCQjw4JbTBhCoARIsALWUaBs2pcEHbzBrc5jwiqwSjSucIGRb6raMVNC6T5XGDUZ9WHBbW_jRh70aAik-EALw_wcB,
,95,Child's Guide to the Beatitudes Hardcover Kathy Della Torre O'Kee,Catholic,5-10,Paulist Press (Catholic),new,8,1,8,https://www.ebay.com/itm/146517630764?chn=ps&norover=1&mkevt=1&mkrid=711-117182-37290-0&mkcid=2&mkscid=101&itemid=146517630764&targetid=2450249296795&device=c&mktype=pla&googleloc=9032154&poi=&campaignid=21214315381&mkgroupid=188184246123&rlsatarget=pla-2450249296795&abcId=9407526&merchantid=114696527&gad_source=4&gad_campaignid=21214315381&gbraid=0AAAAAD_QDh_gRqTcARl28_cK7gECutMI0&gclid=Cj0KCQjw4JbTBhCoARIsALWUaBs6C_1mS2TZYAW_sR6yrYdfsCdW0BJZ-e9FJ1Vw0pcl5GOjtG-Hs00aAu_vEALw_wcB,
,96,The Miracle Man: The Life of Jesus,General Christian,6-10,Abrams Books for Young Readers.,used,9,1,9,https://www.betterworldbooks.com/product/detail/miracle-man-the-story-of-jesus-9781419718991?shipto=US&curcode=USD&utm_source=google&utm_medium=cpc&utm_campaign=Shopping-Used-Strong&utm_content=194484262799&utm_term=&creative=804640276775&device=c&placement=&gad_source=1&gad_campaignid=23739868778&gbraid=0AAAAADMQnG9WwdKQ6xlKRLsHUmKefXCuT&gclid=Cj0KCQjw4JbTBhCoARIsALWUaBttB0yhhEBO2_7zhiDdyPfNdYGlDEbjD7QfXlG1JN3viToNgn1AXpsaAmC4EALw_wcB,
,97,The Lord's Prayer Illustrated for Children,Evangelical. Catholic compatible. No conflicting teachings,0-4,Zonderkidz,used,6,1,6,https://www.thriftbooks.com/w/the-lords-prayer/461116/item/4829470/?utm_source=google&utm_medium=cpc&utm_campaign=us_shopping_zombies_hvml_22797775610&utm_adgroup=&utm_term=&utm_content=764091475358&gad_source=1&gad_campaignid=22797775610&gbraid=0AAAAADwY45gHjhRLvi52n1cjYjOB9erzl&gclid=Cj0KCQjw4JbTBhCoARIsALWUaBtfAlgu4vSOV6UgB8vbGZ1-3_UBfkYBfeY7v79vluCfquBke0ZYdLUaAqQdEALw_wcB#idiq=4829470&edition=5719717,
,98,Hail Mary for Little Ones,Catholic,3-5,Magnificat & Ignatius Press (Catholic),used,7,1,7,https://www.christianbook.com/hail-mary-maite-roche/9781621641247/pd/641247?en=google&event=SHOP&kw=ingram-0-20%7C641247&p=1179710&utm_source=google&p=1234083&dv=c&cb_src=google&cb_typ=shopping&cb_cmp=20379181146&cb_adg=157175267691&cb_kyw=&utm_medium=shopping&gad_source=1&gad_campaignid=20379181146&gbraid=0AAAAAD_dTHbS0IpvPMTUel7znaSHdufl6&gclid=Cj0KCQjw4JbTBhCoARIsALWUaBvnwlhypSRKZvpAhv8S29wfHLbiGpBhBUAEHjvKLgS9Rfi4Tau0E9caAphjEALw_wcB,
,99,Through the Year with Tomie dePaola,Catholic,3-11,Magnificat & Ignatius Press (Catholic),used,13,1,13,https://www.thriftbooks.com/w/through-the-year-with-tomie-depaola_catherine-harmon_john-herreid/39565281/item/89664456/?utm_source=google&utm_medium=cpc&utm_campaign=us_shopping_childrens_22852179116&utm_adgroup=&utm_term=&utm_content=766933689252&gad_source=1&gad_campaignid=22852179116&gbraid=0AAAAADwY45i_O6KItt6M8cnOvXYAJlmHP&gclid=Cj0KCQjw4JbTBhCoARIsALWUaBv3Te9aXgsJYkHNwPi-yyUwIg6T5tRjIiReIgDLz0gGWieeT4BZnz0aAvfKEALw_wcB#idiq=89664456&edition=67860002,
,100,North Star: St. Herman of Alaska,Catholic compatible. Minor theological nuance- Post-Schism Saint. Official Orthodox saint though he lived life without preaching anti-catholic rhetoric.,9-12,St. Vladimir's Seminary Press (Eastern Orthodox),used,7,1,7,https://www.abebooks.com/servlet/BookDetailsPL?bi=32419510700&dest=USA,
,102,Saint Valentine's Day: A Story of Love,Catholic,0-10,Herald Entertainment ,used,8,1,8,https://www.christianbook.com/the-story-of-saint-valentine/9781947774773/pd/7774773?en=google&event=SHOP&kw=ingram-0-20%7C7774773&p=1179710&utm_source=google&p=1234083&dv=c&cb_src=google&cb_typ=shopping&cb_cmp=20379181146&cb_adg=157175267691&cb_kyw=&utm_medium=shopping&gad_source=1&gad_campaignid=20379181146&gbraid=0AAAAAD_dTHbS0IpvPMTUel7znaSHdufl6&gclid=Cj0KCQjw4JbTBhCoARIsALWUaBuKXt8B5z0zWPdGf-Srn8f7BL3GvMiMYXHbS4xABFjCtTRsfRXGqEMaAqpkEALw_wcB,
,103,The New Catholic Illustrated Bible,Catholic,4-8,Saint Benedict Press (Catholic),used,4,1,4,https://www.aspenbookco.com/products/the-new-catholic-illustrated-bible?variant=52651070914847&country=US&currency=USD&utm_medium=product_sync&utm_source=google&utm_content=sag_organic&utm_campaign=sag_organic&gad_source=4&gad_campaignid=24049372540&gbraid=0AAAAA-6Iz2bzGxhtp0gI87vu0COElqSBJ&gclid=Cj0KCQjw4JbTBhCoARIsALWUaBuUlWtEvvINa9QZsUzrD-Q8Lwv3ffoqKbfF--3zEv8skLgXouByZXAaAir_EALw_wcB,
,104,The Four Gospels for Young Catholics,Catholic,9-12 & Young Teens,Pauline Books & Media (Catholic),new,25,1,25,https://www.target.com/p/the-four-gospels-for-young-catholics-by-ciucci-m-fossati-g-perego-p-sartor-hardcover/-/A-94139412#lnk=sametab,
,105,Catholic Bible Chronicles: 70 Bible Stories,Catholic,8-12,Ascension Press (Catholic),new,23,1,23,https://www.thriftbooks.com/w/great-adventure-kids-catholic-bible-chronicles-ages-8-12_amy-welborn/28661648/item/56233649/?utm_source=google&utm_medium=cpc&utm_campaign=pmax_high_vol_scarce_%2410_%2450_17400876848&utm_adgroup=&utm_term=&utm_content=&gad_source=1&gad_campaignid=17400878123&gbraid=0AAAAADwY45hE1Co1HLwnEHtFy986Z7LJL&gclid=Cj0KCQjw4JbTBhCoARIsALWUaBtIMp8EA6fnteNQOANQ8-PpGgoLki3pHBXvpP2G7QYTdyyCDOUKu-oaAiq8EALw_wcB#idiq=56233649&edition=59626507,
,106,The Gospels for Young Catholics,Catholic,7-13,Pflaum Publishing Group (Catholic),used,9,1,9,https://www.thriftbooks.com/w/the-gospels-for-young-catholics/33826672/item/54921232/?utm_source=google&utm_medium=cpc&utm_campaign=LCE_low_vol_f%2fm%2fs_standard_shopping_customer_aquisition_22591097975&utm_adgroup=&utm_term=&utm_content=754049995136&gad_source=1&gad_campaignid=22591097975&gbraid=0AAAAADwY45iL8GXdSYepWlZpeVCPIR5vR&gclid=Cj0KCQjw4JbTBhCoARIsALWUaBvFafinh_YhPWRNPFeO3wW3j-Y_DHoyllFVPRCm3_UjR1pC8Uhz9hYaAvtvEALw_wcB#idiq=54921232&edition=61228579,
,107,GPS: God's Plan in Scripture (The storybook from the program),Storybook is part of a Catholic Program,5-12,Ascension Press (Catholic),used,$13.00,1,$13.00,https://www.worldofbooks.com/products/gps-god-s-plan-in-scripture-storybook-book-cavins-emily-bromschwig-lisa-n-9781950784493?sku=CIN1950784495VG&gad_source=1&gad_campaignid=21950873028&gbraid=0AAAAAC04ib0tow0_jGmuJjUQtKxABxCXv&gclid=CjwKCAjwyabTBhBFEiwAM3mNUA2jYEg9x12J1bkgMVjjss_pV5adkq9rncb1oh6U-Folxnul7pFLiRoCPdsQAvD_BwE,
,108,Saints of the Sacred Heart (Emily Jaminet),Catholic,5-12,Sophia Institute Press (Catholic),used,13,1,13,https://www.ebay.com/itm/198308292535?chn=ps&norover=1&mkevt=1&mkrid=711-166974-028196-7&mkcid=2&mkscid=101&itemid=198308292535&targetid=2274564709393&device=c&mktype=pla&googleloc=9196138&poi=&campaignid=23163721346&mkgroupid=189822114880&rlsatarget=pla-2274564709393&abcId=10485928&merchantid=5568570426&geoid=9196138&gad_source=1&gad_campaignid=23163721346&gbraid=0AAAAAD_QDh8bE6o-TJzdrWPSv6u0Eh8uf&gclid=CjwKCAjwyabTBhBFEiwAM3mNUKcPp_rpB2bNQ277eKDQeH5PYumpqiOVjWkyk6dTR1T5iJihc2ch8xoCrKEQAvD_BwE,
,109,Seek and Find: The Lives of Saints,Catholic,5-12,Magnificat & Ignatius Press (Catholic),used,8,1,8,https://www.abebooks.com/servlet/BookDetailsPL?bi=32399387180&dest=USA&ref_=ps_ggl_18382194370&cm_mmc=ggl-_-US_Shopp_Trade0to10-_-product_id=US9781621646051NEW-_-keyword=&gad_source=1&gad_campaignid=17190383930&gbraid=0AAAAAD3Y6gsdD1T-mROHTuNQ26Kpn-6Mp&gclid=CjwKCAjwyabTBhBFEiwAM3mNUBUedAB82UqAQ17EHEvsKmpZrL-Iy-ww_PXbTvX60Omh7HLIotXm0BoCtEcQAvD_BwE,
,110,Seek and Find: The Twelve Apostles,Catholic,5-12,Magnificat & Ignatius Press (Catholic),used,15,1,15,https://www.discountcatholicproducts.com/The-Twelve-Apostles-Seek-and-Find-Series-Book-4-Hardback-P19556.aspx?gad_source=1&gad_campaignid=22354893966&gbraid=0AAAAAD_cY-GVADPcXH3oAxy4eK_Wikob9&gclid=CjwKCAjwyabTBhBFEiwAM3mNUBvad9S4bym1fr85G915VBb_OIXNhU9GX67s0WyUkPX4SEUk9hNlPhoC5VQQAvD_BwE,
,111,Seek and Find: On the Way to Santiago,Catholic,5-12,Magnificat & Ignatius Press (Catholic),used,5,1,5,https://www.abebooks.com/9781621646891/Way-Santiago-Compostela-Volume-Seek-1621646890/plp,
,112,Seek and Find: Mont Saint Michel,Catholic,5-12,Magnificat & Ignatius Press (Catholic),used,15,1,15,https://ignatius.com/mont-saint-michel-6msmh/,
,113,The Adventures of Loupio Vol. 1: The Meeting,Catholic,6-12,Magnificat & Ignatius Press (Catholic),used,5,1,5,https://www.abebooks.com/servlet/BookDetailsPL?bi=32374572718&dest=USA&ref_=ps_ggl_18382194370&cm_mmc=ggl-_-US_Shopp_Trade0to10-_-product_id=US9781586175269NEW-_-keyword=&gad_source=1&gad_campaignid=17190383930&gbraid=0AAAAAD3Y6gsdD1T-mROHTuNQ26Kpn-6Mp&gclid=CjwKCAjwyabTBhBFEiwAM3mNUEz-wnJcn9K9cmnWyFK0FiZtSyNoCoMuOjKgaOMPnWcfbNu2cxl-7RoCoaoQAvD_BwE,
,114,The Adventures of Loupio Vol. 2: The Tournament,Catholic,6-12,Magnificat & Ignatius Press (Catholic),used,6,1,6,https://www.abebooks.com/servlet/BookDetailsPL?bi=32473528874&dest=USA&ref_=ps_ggl_18382194370&cm_mmc=ggl-_-US_Shopp_Trade0to10-_-product_id=US9781586176242USED-_-keyword=&gad_source=1&gad_campaignid=17190383930&gbraid=0AAAAAD3Y6gsdD1T-mROHTuNQ26Kpn-6Mp&gclid=CjwKCAjwyabTBhBFEiwAM3mNUGwoMsPrmt_bi872Zue-37ucmXoCsTWxuVARfo_6I-CkqCWJKMJCeBoCeYYQAvD_BwE,
,115,The Adventures of Loupio Vol. 8: Crusaders and Pilgrims,Catholic,6-12,Magnificat & Ignatius Press (Catholic),new,9,1,9,https://inhisname.com/products/the-adventures-of-loupio-volume-crusaders-pilgrims-17933?currency=USD&country=US&variant=48502002090292&utm_source=google&utm_medium=cpc&utm_campaign=Google%20Shopping&stkn=4ea913fa7621&gad_source=1&gad_campaignid=23741723690&gbraid=0AAAAAD65W-gIrS5s0Q5PTYyKMdZyoQR-4&gclid=CjwKCAjwyabTBhBFEiwAM3mNUMaPri1G926pBFnoMF9tx9sSNhc0Wij7SKW33z1ttLJJv1XOzx_GkBoC0DQQAvD_BwE,
,116,Eucharistic Saints,Catholic,8-10,TAN Books (Catholic),new,13,1,13,https://www.thriftbooks.com/w/eucharistic-saints-twenty-stories-of-devotion-to-jesus_meredith-hinds/52139635/item/89976784/?utm_source=google&utm_medium=cpc&utm_campaign=LCE_low_vol_f%2fm%2fs_standard_shopping_customer_aquisition_22591097975&utm_adgroup=&utm_term=&utm_content=754049995133&gad_source=1&gad_campaignid=22591097975&gbraid=0AAAAADwY45gQtpI6KveFu_Q_XdCXMCQpn&gclid=CjwKCAjwyabTBhBFEiwAM3mNUO3nhFiKfbluMXXMSRuL4GZqgL5057JCP4_4gNYqx12Z_MGNKP0aNBoCYfsQAvD_BwE#idiq=89976784&edition=70830540,
,117,Stations of the Cross for Young Catholics,Catholic,8-12,Pauline Books & Media (Catholic),new,8,1,8,https://stpatricksguild.com/stations-of-the-cross-for-young-catholics/?utm_source=google&utm_medium=cpc&utm_campaign=20564096111&utm_content=&utm_term=&gad_source=1&gad_campaignid=20567682628&gbraid=0AAAAADv3GfjnpsmVAek4wVPIsJghes4R0&gclid=CjwKCAjwyabTBhBFEiwAM3mNUOd7Gz92uWE2IVPrJhi1wuSfzEog1sRSB2Bx3CU-Y0HpiBRoVBs54hoCVaAQAvD_BwE,
,118,The Boy Who Knew Carlo Acutis,Catholic,13-18,Magnificat & Ignatius Press (Catholic),used,6,1,6,https://www.worldofbooks.com/products/boy-who-knew-carlo-acutis-book-corinna-turner-9781621647171?sku=CIN162164717XG&gad_source=1&gad_campaignid=21957241094&gbraid=0AAAAAC04ib0CsLld-Z9Us_aUaB17TgP_W&gclid=CjwKCAjwyabTBhBFEiwAM3mNULJoNk5oFApOU6lvsdiiP83czedrRKAZRA9zJ5qb8f5bgNaoagq74hoCHb0QAvD_BwE&_su_rec=W6wATSil37jR5ryvNfffTJh2NnN-MC7uKLDSeA2RkOMq_KKLbvTLRgUOMvuxXGhGBGVf05Jz61dWTgecFygtvq_XJ_Dg1ky1tKs6wzjI5TTZrJ6S9lxkZBb3kMfoQZsyqnh8trh56Cyuo-3v0uZDTDocf9vzvcVb-XxN8Y2v79i8NfVX8kTfaZA5kLoucGKuf5ydKvy-sae4Ne8AsHsTAHaLfmcS3GHijK7uDQjXh72skB955fOLJvhcTKhjh4lPFeXezeRw80lZGieWF6MK-ooTw_c&_su_rec_id=ce2fa988-9d0a-47bc-8bba-f5e14aa5333c-1785348092,
,119,Saint Carlo Acutis: God's Computer Genius,Catholic,8-11,Pauline Books & Media (Catholic),used,5,1,5,https://www.worldofbooks.com/products/carlo-acutis-god-s-computer-genius-book-ellen-labrecque-9780819817006?sku=CIN0819817007A&gad_source=1&gad_campaignid=21957241094&gbraid=0AAAAAC04ib0CsLld-Z9Us_aUaB17TgP_W&gclid=CjwKCAjwyabTBhBFEiwAM3mNUHMFvH_WHuFcaWh3V_Myce0NC5hGYSiNniN5IW9ZUgTajj4GfU0R-RoCIoEQAvD_BwE,
,120,Vision Books: Saint Benedict,Catholic,9-15,Ignatius Press (Catholic),used,9,1,9,https://www.worldofbooks.com/products/saint-benedict-book-mary-fabyan-windeatt-9780898707670?sku=CIN0898707676G&gad_source=1&gad_campaignid=21961281823&gbraid=0AAAAAC04ib225gYLWzuQxR-rJhKX58xoB&gclid=CjwKCAjwyabTBhBFEiwAM3mNUFvD9Fi-gOjlghkyHha7j0eycb8zo2EoJ-EyjPHNvP8A2XjMRSbxzxoCzhkQAvD_BwE,
,121,Vision Books: Saint Joan of Arc,Catholic,9-15,Ignatius Press (Catholic),used,11,1,11,https://www.abebooks.com/servlet/BookDetailsPL?bi=32404417670&dest=USA&ref_=ps_ggl_17730880232&cm_mmc=ggl-_-US_Shopp_Trade_10to20-_-product_id=US9780898708226USED-_-keyword=&gad_source=1&gad_campaignid=17190383924&gbraid=0AAAAAD3Y6gs25IbolvsnTtWu-IAAVt9B1&gclid=CjwKCAjwyabTBhBFEiwAM3mNUOxpOVbZgj-byVBjOwoYPo03fjnmQlkq1q7c1oEUaPkye6qD5Y467hoC8kAQAvD_BwE,
,122,Vision Books: Saint Francis of Assisi,Catholic,9-15,Ignatius Press (Catholic),used,3,1,3,https://www.abebooks.com/servlet/BookDetailsPL?bi=32476457850&dest=USA&ref_=ps_ggl_18382194370&cm_mmc=ggl-_-US_Shopp_Trade0to10-_-product_id=US9780385029001USED-_-keyword=&gad_source=1&gad_campaignid=17190383930&gbraid=0AAAAAD3Y6gsdD1T-mROHTuNQ26Kpn-6Mp&gclid=CjwKCAjwyabTBhBFEiwAM3mNUNr7BgggrGMVZ1P4QmvR5NChF6EEMIyAl9LowBrdV72n9beOECLBsxoCKgEQAvD_BwE,
,123,Vision Books: Saint Dominic,Catholic,9-15,Ignatius Press (Catholic),used,6,1,6,https://www.abebooks.com/servlet/BookDetailsPL?bi=32478265494&dest=USA&ref_=ps_ggl_18382194370&cm_mmc=ggl-_-US_Shopp_Trade0to10-_-product_id=US9780898705188NEW-_-keyword=&gad_source=1&gad_campaignid=17190383930&gbraid=0AAAAAD3Y6gsdD1T-mROHTuNQ26Kpn-6Mp&gclid=CjwKCAjwyabTBhBFEiwAM3mNUK8WHmUVUTZVlbgdPNGipIvJSHcMCFAVUkW_7WEqzx_Jlvgn-Obr5hoCBxcQAvD_BwE,
,124,Vision Books: Saint Thomas Aquinas,Catholic,9-15,Ignatius Press (Catholic),used,6,1,6,https://www.ebay.com/itm/226206128862?chn=ps&norover=1&mkevt=1&mkrid=711-117182-37290-0&mkcid=2&mkscid=101&itemid=226206128862&targetid=2447864482959&device=c&mktype=pla&googleloc=9196138&poi=&campaignid=21203633013&mkgroupid=186346748057&rlsatarget=pla-2447864482959&abcId=9407526&merchantid=764137246&gad_source=4&gad_campaignid=21203633013&gbraid=0AAAAAD_QDh9J5kk19tHP5plteXG4tfPCS&gclid=CjwKCAjwyabTBhBFEiwAM3mNUAwSyV_f6z5e-JK5qh6igE1sbEEYQ9-8a9JIRnyh63cz0nnm3XnuiBoCVyUQAvD_BwE,
,125,Vision Books: Saint Ignatius of Loyola,Catholic,9-15,Ignatius Press (Catholic),used,6,1,6,https://www.betterworldbooks.com/product/detail/saint-ignatius-and-the-company-of-jesus-9780898707229?shipto=US&curcode=USD&utm_source=google&utm_medium=cpc&utm_campaign=pMax-Used-USA&utm_content=&utm_term=&creative=&device=c&placement=&gad_source=1&gad_campaignid=16440140764&gbraid=0AAAAADMQnG-jE2gm0PHHPA16_y0fWiEOl&gclid=CjwKCAjwyabTBhBFEiwAM3mNUO3NfAnuzRv3JzzGCbHdujDBMFqN_zf5dGczoKYrNWu4oEAYFLaAERoC4MsQAvD_BwE,
,126,Vision Books: Saint Maria Goretti,Catholic,9-15,Ignatius Press (Catholic),new,10,1,10,https://ignatius.com/maria-goretti-9b398p/,
,127,Vision Books: Saint Kateri Tekakwitha,Catholic,9-15,Ignatius Press (Catholic),used,4,1,4,https://www.abebooks.com/servlet/BookDetailsPL?bi=32450785786&dest=USA&ref_=ps_ggl_18382194370&cm_mmc=ggl-_-US_Shopp_Trade0to10-_-product_id=US9780898703801NEW-_-keyword=&gad_source=1&gad_campaignid=17190383930&gbraid=0AAAAAD3Y6gsdD1T-mROHTuNQ26Kpn-6Mp&gclid=CjwKCAjwyabTBhBFEiwAM3mNUNKfCejXpkpBIdR1-Whs1fooVSHAFgFHHqhAiH96Pl1bo_AzNDA1MBoCEZgQAvD_BwE,
,128,Vision Books: Saint John Bosco,Catholic,9-15,Ignatius Press (Catholic),used,9,1,9,https://www.abebooks.com/servlet/BookDetailsPL?bi=32488194028&dest=USA&ref_=ps_ggl_18382194370&cm_mmc=ggl-_-US_Shopp_Trade0to10-_-product_id=US9780898704167NEW-_-keyword=&gad_source=1&gad_campaignid=17190383930&gbraid=0AAAAAD3Y6gsdD1T-mROHTuNQ26Kpn-6Mp&gclid=CjwKCAjwyabTBhBFEiwAM3mNUF35av0FCGTS1E5SjUF9IkoPzXVmVKMI7O6DKI4HGDUhdAhnvbGO6BoCvxYQAvD_BwE,
,129,Mary Fabyan Windeatt: Saint Thomas Aquinas,Catholic,10-14,TAN Books (Catholic),used,3,1,3,https://www.abebooks.com/servlet/BookDetailsPL?bi=32452969092&dest=USA&ref_=ps_ggl_18382194370&cm_mmc=ggl-_-US_Shopp_Trade0to10-_-product_id=US9780895554208USED-_-keyword=&gad_source=1&gad_campaignid=17190383930&gbraid=0AAAAAD3Y6gsdD1T-mROHTuNQ26Kpn-6Mp&gclid=CjwKCAjwyabTBhBFEiwAM3mNUIjYMCZ8LEtptgF7YbfGO0CKV5U7NSPEgVq4FiYOgAWLgDLCrAdZkRoCHmIQAvD_BwE,
,130,Mary Fabyan Windeatt: Saint Bernadette,Catholic,10-14,TAN Books (Catholic),new,8,1,8,https://setonbooks.com/reading/1013-a-story-of-st-bernadette.html?srsltid=AfmBOooJNbH13avrMF90x-KXwqstQDHY3xRvD2qsLfCPNfadq1aogQYi,
,131,Mary Fabyan Windeatt: Saint Margaret Mary,Catholic,10-14,TAN Books (Catholic),used,4,1,4,https://www.worldofbooks.com/products/st-margaret-mary-book-windeatt-9780895554154?sku=CIN0895554151A&gad_source=1&gad_campaignid=21957266543&gbraid=0AAAAAC04ib0GH9f8Wev1CU2EMcFi8-UJT&gclid=CjwKCAjwyabTBhBFEiwAM3mNUC4pooGTZBLWIIXGQqhQ7op03v8t81_xCZ6_bimlaGVEIO0gSVdVIhoCBOgQAvD_BwE,
,132,Mary Fabyan Windeatt: King David and His Songs,Catholic,10-14,TAN Books (Catholic),used,3,1,3,https://www.abebooks.com/servlet/BookDetailsPL?bi=32186509885&dest=USA&ref_=ps_ggl_18382194370&cm_mmc=ggl-_-US_Shopp_Trade0to10-_-product_id=US9780895554291USED-_-keyword=&gad_source=1&gad_campaignid=17190383930&gbraid=0AAAAAD3Y6gsdD1T-mROHTuNQ26Kpn-6Mp&gclid=CjwKCAjwyabTBhBFEiwAM3mNUJShUhH8nPAHTPg4qAJe2KVrnALa5CZS2dBVkrj0biQcuVcnW0Ip7xoC3zIQAvD_BwE,
,133,Mary Fabyan Windeatt: Saint Paul,Catholic,10-14,TAN Books (Catholic),used,5,1,5,https://www.worldofbooks.com/products/patron-saint-of-first-communicants-book-windeatt-9780895554161?sku=CIN089555416XA&gad_source=1&gad_campaignid=21956371336&gbraid=0AAAAAC04ib3Rf-EjBpZUiG_O4Bt_NDg9V&gclid=CjwKCAjwyabTBhBFEiwAM3mNUH3c8PfTer_Ug4SU3K5r_d4Sl45AU4qElmYmb6rdb8nq2VYkt_c9_hoCq5IQAvD_BwE,
,134,Saint John Bosco and His Big Gray Dog,Catholic,4-9,Caritas Press (Catholic),used,8,1,8,https://www.abebooks.com/servlet/BookDetailsPL?bi=32227630826&dest=USA&ref_=ps_ggl_18382194370&cm_mmc=ggl-_-US_Shopp_Trade0to10-_-product_id=US9781940209166USED-_-keyword=&gad_source=4&gad_campaignid=17190383930&gbraid=0AAAAAD3Y6gtHYi3w_uaUUC6ISiwrsGdg9&gclid=CjwKCAjwyabTBhBFEiwAM3mNULuCP5wsV_r3rgiWiwMn9hAm_5u3T528c36UfDdSFgvJue_tGWyc1RoCEV0QAvD_BwE,
,135,Saints Around the World (Meg Hunter-Kilmer),Catholic,5-14,Emmaus Road Publishing (Catholic),used,7,1,7,https://www.thriftbooks.com/w/adventurous-saints-around-the-world_meg-hunter-kilmer/54446709/item/85598819/?utm_source=google&utm_medium=cpc&utm_campaign=LCE_low_vol_f%2fm%2fs_standard_shopping_customer_aquisition_22591097975&utm_adgroup=&utm_term=&utm_content=754049995136&gad_source=1&gad_campaignid=22591097975&gbraid=0AAAAADwY45gQtpI6KveFu_Q_XdCXMCQpn&gclid=CjwKCAjwyabTBhBFEiwAM3mNUIlwvfuyPaxssDGghaZ-tAffBqM8bh-qXPllPf1Rf2QC-uOpQOsatBoCuKQQAvD_BwE#idiq=85598819&edition=72363240,
,136,Adventurous Saints Around the World,Catholic,4-8,Emmaus Road Publishing (Catholic),used,7,1,7,https://www.abebooks.com/Adventurous-Saints-Around-World-Meg-Hunter-Kilmer/32282306946/bd,
,137,Royal and Warrior Saints Around the World,Catholic,4-8,Emmaus Road Publishing (Catholic),used,7,1,7,https://www.abebooks.com/Royal-Warrior-Saints-Around-World-Meg/32488064267/bd,
,138,Ordinary Saints Around the World,Catholic,4-8,Emmaus Road Publishing (Catholic),used,8,1,8,https://www.abebooks.com/Ordinary-Saints-Around-World-Meg-Hunter-Kilmer/32482372510/bd,
,139,Talented Saints Around the World,Catholic,4-8,Emmaus Road Publishing (Catholic),new,11,1,11,https://www.abebooks.com/Talented-Saints-Around-World-Meg-Hunter-Kilmer/32459975111/bd,
,140,Unshakable Saints Around the World,Catholic,4-8,Emmaus Road Publishing (Catholic),used,11,1,11,https://www.abebooks.com/servlet/BookDetailsPL?bi=32488720000,
,141,Young Saints Around the World,Catholic,4-8,Emmaus Road Publishing (Catholic),used,9,1,9,https://shop.catholicsupply.com/young-saints-around-the-world-hc.aspx?gad_source=1&gad_campaignid=17347185776&gbraid=0AAAAADFzrAyEmDJNSw8uVQB-6qX7DgBaR&gclid=CjwKCAjwyabTBhBFEiwAM3mNUNRn-VAANJKVsIt0qUvb-bYglfo9rXWInC6sM1-3OHFkD64dhcQr9hoCzeQQAvD_BwE,
,142,Young Saints: Fifteen Extraordinary Lives,Catholic,7-14,Magnificat & Ignatius Press (Catholic),used,16,1,16,https://www.thriftbooks.com/w/young-saints-fifteen-extraordinary-lives-from-blandina-to-carlo-acutis_charlotte-grossette_tristan-garnier---illustrator/56617320/item/89239204/?utm_source=google&utm_medium=cpc&utm_campaign=LCE_low_vol_f%2fm%2fs_standard_shopping_customer_aquisition_22591097975&utm_adgroup=&utm_term=&utm_content=754049995133&gad_source=1&gad_campaignid=22591097975&gbraid=0AAAAADwY45gQtpI6KveFu_Q_XdCXMCQpn&gclid=CjwKCAjwyabTBhBFEiwAM3mNUIhUm_3wCh6Knz703JRcjA7ZvDEdVM_Cl8LVX9n_6lGXye04eXgQWhoC5L8QAvD_BwE#idiq=89239204&edition=74118566,
,143,Son of Charlemagne,Catholic Compatible,10-13,Bethlehem Books,new,14,1,14,https://www.amazon.com/Son-Charlemagne-Living-History-Library/dp/1883937302,
,144,In the Shadows of Rome Book Series(6books),Catholic,9 & up,Magnificat & Ignatius Press (Catholic),new,60,1,60,https://ignatius.com/the-shadows-of-rome-series-set-shrx/,
,145,Saints Chronicles Vol. 1,Catholic,8-14,Sophia Institute Press (Catholic),used,8,1,8,https://www.thriftbooks.com/w/saints-chronicles-collection-1_al-milgrom_dan-davis/19690555/item/35799950/?utm_source=google&utm_medium=cpc&utm_campaign=pmax_high_vol_scarce_under_%2410_17389091670&utm_adgroup=&utm_term=&utm_content=&gad_source=1&gad_campaignid=17400878150&gbraid=0AAAAADwY45gdF-duNX6-12HR4lI8up9qt&gclid=CjwKCAjwyabTBhBFEiwAM3mNUKFiITbbcmIJSlQu51RlFmaxTFZeUlfr8QEIJVWBdvYhh5wtQZnInxoCo4cQAvD_BwE#idiq=35799950&edition=20910090,
,146,Saints Chronicles Vol. 2,Catholic,8-14,Sophia Institute Press (Catholic),used,10,1,10,https://www.thriftbooks.com/w/saints-chronicles-collection-2_sophia-institute-press/19916172/item/37284042/?utm_source=google&utm_medium=cpc&utm_campaign=us_shopping_zombies_hvs_21811042479&utm_adgroup=&utm_term=&utm_content=717415192734&gad_source=1&gad_campaignid=21811042479&gbraid=0AAAAADwY45iFUdwaJp2nqmrSnAKwoeReR&gclid=CjwKCAjwyabTBhBFEiwAM3mNUNyZsRpsD4s3rjwrM8qb4lDtzjOVfG72VJfFas-Ej678fw-bo4V44xoCWCQQAvD_BwE#idiq=37284042&edition=21176286,
,147,Saints Chronicles Vol. 3,Catholic,8-14,Sophia Institute Press (Catholic),used,8,1,8,https://www.worldofbooks.com/products/saints-chronicles-collection-3-book-sophia-institute-press-9781622826780?sku=CIN1622826787G&gad_source=4&gad_campaignid=21957266543&gbraid=0AAAAAC04ib2Hc0nyFDtM7GG8ylcSHW5oP&gclid=CjwKCAjwyabTBhBFEiwAM3mNUGBzVO4EnbyZA6pE-TZnt03Lv6XMkMqxtqQoRftj7UAgrJ1Sg3FuQRoCJQQQAvD_BwE,
,148,The Father Brown Reader (Adapted for Youth),Catholic,8-12,The Society of Gilbert Keith Chesterton,used,7,1,7,https://www.abebooks.com/servlet/BookDetailsPL?bi=32488325755&dest=USA&ref_=ps_ggl_18382194370&cm_mmc=ggl-_-US_Shopp_Trade0to10-_-product_id=US9780976638674USED-_-keyword=&gad_source=4&gad_campaignid=17190383930&gbraid=0AAAAAD3Y6gtHYi3w_uaUUC6ISiwrsGdg9&gclid=CjwKCAjwyabTBhBFEiwAM3mNUOykDAM5m-D45lJjGOkmFciuXY7SxDf2vHpjvDzEzmLDi1CEPi-I7xoCxhoQAvD_BwE,
,149,Illustrated Catechism Stories Vol 1: Faith and the Creed,Catholic,6-11,TAN Books (Catholic),new,25,1,25,https://tanbooks.com/products/books/illustrated-catechism-stories-vol-1-faith-and-the-creed/?gc_id=17487855346&gad_source=1&gad_campaignid=17487873334&gbraid=0AAAAADyykAzHpKsiJhhBpcMipCpkMS4AB&gclid=CjwKCAjwyabTBhBFEiwAM3mNUHxFKD4I3k3roZNF1NW6fzcmujR0GiLYdQknG1ybmR5i4eXq_T7mlRoCubYQAvD_BwE,
,150,The Boy Who Knew (Carlo Acutis)by Corinna Turner,Catholic,13-18,Magnificat & Ignatius Press (Catholic),used,6,1,6,https://www.worldofbooks.com/products/boy-who-knew-carlo-acutis-book-corinna-turner-9781910806463?sku=CIN1910806463G&gad_source=1&gad_campaignid=21957241094&gbraid=0AAAAAC04ib0CsLld-Z9Us_aUaB17TgP_W&gclid=CjwKCAjwyabTBhBFEiwAM3mNUC0wKqRx5RqOZlJtQTG7VEMJQZLjFR6CK_kzoEVCR_1ahRX-6U13vhoCF3cQAvD_BwE,
,151,Francis and Clare: Saints of Assisi (Vision Books) (Vision Book Series),Catholic,9-15,Ignatius Press (Catholic),used,4,1,4,https://www.abebooks.com/servlet/BookDetailsPL?bi=32488441373&dest=USA&ref_=ps_ggl_18382194370&cm_mmc=ggl-_-US_Shopp_Trade0to10-_-product_id=US9780898705171USED-_-keyword=&gad_source=1&gad_campaignid=17190383930&gbraid=0AAAAAD3Y6gsdD1T-mROHTuNQ26Kpn-6Mp&gclid=CjwKCAjwyabTBhBFEiwAM3mNUHy1z0inoODqLQT41UiH37ci-LTCoV1J-_-E8LA1Q2YZKB65Hg7oqBoC3jkQAvD_BwE,
,152,Our Lady of Fatima (children's biography),Catholic,7-13,TAN Books (Catholic),used,6,1,6,https://www.christianbook.com/our-lady-of-fatima/9781941243794/pd/243794?en=google&event=SHOP&kw=ingram-0-20%7C243794&p=1179710&utm_source=google&p=1237749&dv=c&cb_src=google&cb_typ=shopping&cb_cmp=21328467087&cb_adg=162622086363&cb_kyw=&utm_medium=shopping&gad_source=4&gad_campaignid=21328467087&gbraid=0AAAAAD_dTHZ-bQchK39w_qnjZajAVf70a&gclid=CjwKCAjwvsvTBhBaEiwAmf-3nhw-CLYWiHA5noXzzG41J1cj_ob-hIpBx3kTu3gDkG7PmC0dPowhChoCEjQQAvD_BwE,
,153,The Children of Fatima,Catholic,7-13,TAN Books (Catholic),used,8,1,8,https://www.thriftbooks.com/w/the-children-of-fatima-and-our-ladys-message-to-the-world-stories-of-the-saints-for-young-people-ages-10-to-100_mary-fabyan-windeatt/330132/item/1172956/?utm_source=google&utm_medium=cpc&utm_campaign=us_shopping_zombies_hvfl_2155271854&utm_adgroup=&utm_term=&utm_content=719329521330&gad_source=4&gad_campaignid=21855271854&gbraid=0AAAAADwY45j25CFV6FHsOTEysMRZycpy5&gclid=CjwKCAjwvsvTBhBaEiwAmf-3nk7iy-YO9fl7-7eUkD2_l-YgmK7VZxJhhCCSslg54puvGAIWYRj8FBoCz5AQAvD_BwE#idiq=1172956&edition=3359654,
,154,Juan Diego and Our Lady of Guadalupe,Catholic,5-10,Pauline Books & Media (Catholic),used,7,1,7,https://www.christianbook.com/juan-diego-marys-humble-messenger/barbara-yoffie/9780764822384/pd/822384?en=google&event=SHOP&kw=ingram-0-20%7C822384&p=1179710&utm_source=google&p=1234083&dv=c&cb_src=google&cb_typ=shopping&cb_cmp=20379181146&cb_adg=157175267691&cb_kyw=&utm_medium=shopping&gad_source=4&gad_campaignid=20379181146&gbraid=0AAAAAD_dTHaj4yH5A6cHOsx7MLfjZ-_2H&gclid=CjwKCAjwvsvTBhBaEiwAmf-3nrxtuW7z8A7vK8cP5xRAKDPuCUYb2TPZgi8gRe5g-UZdTYw0s5tFqxoC4jUQAvD_BwE,
,155,Saint Maria Goretti: The girl who chose heaven over fear,Catholic,7-11,Independently Published,used,14,1,14,https://www.thriftbooks.com/w/saint-maria-goretti-the-girl-who-chose-heaven-over-fear_rev--simon-westbrook/59383361/item/89565985/?utm_source=google&utm_medium=cpc&utm_campaign=shopping_new_condition_books_high_14637440387&utm_adgroup=&utm_term=&utm_content=545821544816&gad_source=4&gad_campaignid=14637440387&gbraid=0AAAAADwY45hPcldfFiWad3q3qXTh51qCg&gclid=CjwKCAjwvsvTBhBaEiwAmf-3nlL5keOdYCTnVZSWmGvVwE5oHGxZuHUTOaSwI5H5PPyNby099CeEGBoCA84QAvD_BwE#idiq=89565985&edition=75951101,
,156,The Life and Witness of Saint Maria Goretti: Our Little Saint of the Beatitudes,Catholic,12 & up,TAN Books (Catholic),used,7,1,7,https://www.christianbook.com/witness-saint-maria-goretti-little-beatitudes/jeffrey-kirby/9781618907547/pd/907547?en=google&event=SHOP&kw=ingram-0-20%7C907547&p=1179710&utm_source=google&p=1229912&dv=c&cb_src=google&cb_typ=shopping&cb_cmp=1082047678&cb_adg=51241112365&cb_kyw=&utm_medium=shopping&gad_source=4&gad_campaignid=1082047678&gbraid=0AAAAAD_dTHb7gj1Da2s05DqA0slwHVdDu&gclid=CjwKCAjwvsvTBhBaEiwAmf-3npJ1pV2cv6mtOAqC15l0lKTdJ5hFKdxUdzx-juQPSmsoGbqQf3T5wxoCiAEQAvD_BwE#CBD-PD-Publisher-Description,
,157,"Maria Goretti
Teenage Martyr",Catholic,13-18,Catholic truth Society,new,10,1,10,https://ignatius.com/maria-goretti-9b398p/,
,158,Blessed Margaret of Castello,Catholic,9-14,TAN Books (Catholic),used,7,1,7,https://www.walmart.com/ip/The-Life-of-Saint-Margaret-of-Castello-1287-1320-Paperback-9780895552136/27427027?wmlspartner=wlpa&selectedSellerId=101094067&wmlspartner=wlpa&cn=FY25-ENTP-PMAX_cnv_dps_dsn_dis_ad_entp_e_n&gclsrc=aw.ds&adid=2222222229727427027_101094067_0000000000_21407473164&wl0=&wl1=g&wl2=c&wl3=&wl4=&wl5=9032151&wl6=&wl7=&wl8=&wl9=pla&wl10=521532765&wl11=online&wl12=27427027_101094067&veh=sem&gad_source=4&gad_campaignid=21690411341&gbraid=0AAAAADmfBIp2-5NBhcIYYxPVAG5ysG6r-&gclid=CjwKCAjwvsvTBhBaEiwAmf-3no6Bph4FMZ4gbwYWZU5-yEBSHr5TsSf7NvpSoaT1iCA-ztMDNi-w3xoCmc8QAvD_BwE,
,159,Martin de Porres: The Rose in the Desert,Catholic compatible,6-9,Clarion Books/Harper Collins,used,7,1,7,https://www.abebooks.com/servlet/BookDetailsPL?bi=32154543494&dest=USA&ref_=ps_ggl_18382194370&cm_mmc=ggl-_-US_Shopp_Trade0to10-_-product_id=US9780547612188USED-_-keyword=&gad_source=1&gad_campaignid=17190383930&gbraid=0AAAAAD3Y6guFbvVKUQ-oGJfmsOVZgND8L&gclid=CjwKCAjwvsvTBhBaEiwAmf-3nsx43pwl2r4G6D9xAIvrcVqCJJ1hm028Ii5YqGiKJkspk1YNi-eJYhoC4IgQAvD_BwE,
,160,Saint Anthony of Padua for Children,Catholic,5-9,Catholic Book Publishing Corp. ,used,10,1,10,https://www.worldofbooks.com/products/st-anthony-of-padua-book-silvia-vecchini-9781860825613?sku=GOR005319654&gad_source=1&gad_campaignid=22580716019&gbraid=0AAAAAC04ib0seV6mGRSWS2mOY5iaYOF4w&gclid=CjwKCAjwvsvTBhBaEiwAmf-3ngy-oiRjX2GBkkDAnOKhaf38V_ajac-jdG9y91GmnlbkKng8bkZPxRoCfsUQAvD_BwE,
,161,St. Francis Xavier: Missionary to Asia,Catholic,8-12,Ignatius Press (Catholic),used,7,1,7,https://www.worldofbooks.com/products/saint-francis-of-the-seven-seas-book-albert-nevins-9780898705195?sku=CIN0898705193G,
,163,Paul: Apostle to All Nations (youth edition),Catholic,10-14,TAN Books (Catholic),used,5,1,5,https://www.google.com/search?client=safari&rls=en&q=Paul%3A+Apostle+to+All+Nations+(youth+edition)&ie=UTF-8&oe=UTF-8,
,164,Moses: The Servant of God,Protestant but its Catholic Compatible. No protestant teachings,15 & up,CLC Publications,used,7,1,7,https://www.thriftbooks.com/w/the-life-of-moses-the-servant-of-god-christian-living-classics_fb-meyer/438825/item/46965787/?utm_source=google&utm_medium=cpc&utm_campaign=high_vol_midlist_standard_shopping_customer_acquisition_20381777654&utm_adgroup=&utm_term=&utm_content=666157863328&gad_source=4&gad_campaignid=20381777654&gbraid=0AAAAADwY45iBNBK7HA3Jo4ws01dPEWYAB&gclid=CjwKCAjwvsvTBhBaEiwAmf-3nmzwKDflC6X5yV581e0poBFS5pLjkLypcGnSP64G7guyKveuWJdKrhoCvx4QAvD_BwE#idiq=46965787&edition=57482332,
,165,The Story of Ruth for Children,Protestant but its Catholic Compatible. No protestant teachings,4-10,Whitaker House,used,4,1,4,https://www.christianbook.com/story-ruth-rhyming-bible-for-kids/phil-smouse/9781641236102/pd/236103?en=google&event=SHOP&kw=childrens-books-0-20%7C236103&p=1179710&utm_source=google&p=1244755&dv=c&cb_src=google&cb_typ=shopping&cb_cmp=23835087334&cb_adg=195026004863&cb_kyw=&utm_medium=shopping&gad_source=1&gad_campaignid=23835087334&gbraid=0AAAAAD_dTHbf-zgFmjAxheA-7jQOQ9H4a&gclid=CjwKCAjwvsvTBhBaEiwAmf-3ntKrYko92z2U35gFpyw23gd63oCLPtJGNN5e6FJ97Y1rqSEhbWWcyRoCEBUQAvD_BwE,
,166,Joseph and His Brothers (illustrated),General Christian,5-8,Zonderkidz,used,4,1,4,https://www.christianbook.com/joseph-and-his-brothers/9780310717317/pd/717317?en=google&event=SHOP&kw=childrens-books-0-20%7C717317&p=1179710&utm_source=google&p=1244755&dv=c&cb_src=google&cb_typ=shopping&cb_cmp=23835087334&cb_adg=195026004863&cb_kyw=&utm_medium=shopping&gad_source=1&gad_campaignid=23835087334&gbraid=0AAAAAD_dTHbf-zgFmjAxheA-7jQOQ9H4a&gclid=CjwKCAjwvsvTBhBaEiwAmf-3nqCJ2OPatTy3rJ3GoWZkcP7l0IZEHxDS1EK3RAPdwEiKoTmECHyRGhoC7zAQAvD_BwE,
,168,The Bronze Bow (Elizabeth George Speare),Catholic compatible,10-14,Houghton Mifflin Harcourt,used,7,1,7,https://www.thriftbooks.com/w/the-bronze-bow-by-elizabeth-george-speare/248864/item/18809829/?utm_source=google&utm_medium=cpc&utm_campaign=us_shopping_zombies_hvml_22797775610&utm_adgroup=&utm_term=&utm_content=764091475358&gad_source=4&gad_campaignid=22797775610&gbraid=0AAAAADwY45iJ8TIT6OA1FOigKloWfnihz&gclid=CjwKCAjwvsvTBhBaEiwAmf-3nmRhrvkbC7_lAAXsrgT3CG1n5d1Ju-vYzsMaz1PPmFNlK74yX0Y3HBoCuuwQAvD_BwE#idiq=18809829&edition=2385102,
,169,The Door in the Wall (Marguerite de Angeli),Catholic compatible,8-12,Laurel Leaf Library,used,6,1,6,https://www.thriftbooks.com/w/the-door-in-the-wall_marguerite-de-angeli/248474/item/7077959/?utm_source=google&utm_medium=cpc&utm_campaign=us_shopping_zombies_hvfl_2155271854&utm_adgroup=&utm_term=&utm_content=719329521330&gad_source=1&gad_campaignid=21855271854&gbraid=0AAAAADwY45hSlMnoDjH72iojgTLMDxoU1&gclid=CjwKCAjwvsvTBhBaEiwAmf-3nl36c4qNCFTGVswyM3mgI7b8eEIqInVCmeF053VspMaQjLqEM0NlyBoCT6UQAvD_BwE#idiq=7077959&edition=2390885,
,170,Saint George and the Dragon,Catholic compatible,6-9,"Little, Brown Books for Young Readers",used,6.31,1,6.31,https://www.target.com/p/saint-george-and-the-dragon-caldecott-medal-winner-by-margaret-hodges-trina-schart-hyman-paperback/-/A-88890439?sid=&TCID=PDS-22806998620&gclsrc=aw.ds&gad_source=1&gad_campaignid=22803281030&gbraid=0AAAAAD-5dfafG-wHEoUd5iKsyvD0T3t6l&gclid=CjwKCAjwvsvTBhBaEiwAmf-3nnzFjRpefIqLP8wTzCoEdBlyf0QMC3cp1LwaCxZ1S3EL92MdadAf2xoCSQoQAvD_BwE,
,171,The Golden Children's Bible,General Christian,6-12,Golden Books/Penguin Random House,used,3,1,3,https://pangobooks.com/titles/the-golden-childrens-bible/82106a2e-6177-4fa1-9400-5df651599dab-UVVhqGpPNlN5KTZptm6FopZUQfs1?campaignId=21316156799&gad_source=1&gad_campaignid=21316158698&gbraid=0AAAAABmGH5dfCDF8pM1ao8yuBbMg1VAxV&gclid=CjwKCAjwvsvTBhBaEiwAmf-3nvyI_LPIYA60W7tz53oWU5kq7O7U3YnakFs_Y5UGS4zfYLbcPm69NxoC1eIQAvD_BwE,
,172,Holy Mysteries\! Faith Facts for Kids,Catholic,7-10,Ignatius Press (Catholic),new,19,1,19,https://www.catholiccompany.com/products/holy-mysteries-12-investigations-into-extraordinary-cases?variant=50914212512053&utm_term=&utm_campaign=&utm_source=adwords&utm_medium=ppc&hsa_acc=1453680900&hsa_cam=22798195594&hsa_grp=&hsa_ad=&hsa_src=x&hsa_tgt=&hsa_kw=&hsa_mt=&hsa_net=adwords&hsa_ver=3&gad_source=4&gad_campaignid=22788669336&gbraid=0AAAAAD_gYDEu304hhtt8Xr8c5dCv6YGk0&gclid=CjwKCAjwvsvTBhBaEiwAmf-3nlq0knfaPETrefgo-BMH6NqzxbzDDR2xOM0Rc-1uJsShHAc_NHkYkxoCCBUQAvD_BwE,
,173,"The Illustrated Rosary For Children
By: Karen Cavanaugh",Catholic,4-8,Regina Press (Catholic),used,5,1,5,https://www.thriftbooks.com/w/the-illustrated-rosary-for-children_victor-hoagland/797044/item/46235044/?utm_source=google&utm_medium=cpc&utm_campaign=us_shopping_zombies_hvml_22797775610&utm_adgroup=&utm_term=&utm_content=764091475358&gad_source=1&gad_campaignid=22797775610&gbraid=0AAAAADwY45jVzZKvY2t8sUpeT9A9lQY9u&gclid=CjwKCAjwvsvTBhBaEiwAmf-3noWYkrP3m4fm5NN3KUOkKql8Ngm3DgekPUB3OafLyaerNJPthY6qJRoCze8QAvD_BwE#idiq=46235044&edition=5170609,
,174,Child's Guide to First Holy Communionby Elizabeth Ficocelli,Catholic,5-9,Paulist Press (Catholic),used,4,1,4,https://www.worldofbooks.com/products/child-s-guide-to-first-holy-communion-book-elizabeth-ficocelli-9780809167081?sku=CIN0809167085VG&gad_source=1&gad_campaignid=22715009701&gbraid=0AAAAAC04ib11tXH6eJOGK38i8mQqrkBj5&gclid=CjwKCAjwvsvTBhBaEiwAmf-3np_3nLHz7EYh-tLZOimiim1tZ5BO32cpj2mH9iZpeOxwD-nmLPmc8hoCBIIQAvD_BwE,
,175,My Confirmation Book,Catholic,10-14,Our Sunday Visitor (catholic),used,6,1,6,https://www.betterworldbooks.com/product/detail/my-confirmation-book-9781612613574?shipto=US&curcode=USD&utm_source=google&utm_medium=cpc&utm_campaign=pMax-Used-USA&utm_content=&utm_term=&creative=&device=c&placement=&gad_source=1&gad_campaignid=16440140764&gbraid=0AAAAADMQnG-Ulq2xI30cALI0OuoBHilE5&gclid=CjwKCAjwvsvTBhBaEiwAmf-3nocFu5IZjd08GtH3PO89PKdRvXM0w8G4VFB74uWc0cf43am_NPqJrxoC4loQAvD_BwE,
,176,Leo XIV: The Pope from Both Americas,Catholic,7 & up,Ignatius Press (Catholic),new,16,1,16,https://www.catholiccompany.com/products/leo-xiv-the-pope-from-both-americas?variant=52141408813365&utm_term=&utm_campaign=&utm_source=adwords&utm_medium=ppc&hsa_acc=1453680900&hsa_cam=22798195594&hsa_grp=&hsa_ad=&hsa_src=x&hsa_tgt=&hsa_kw=&hsa_mt=&hsa_net=adwords&hsa_ver=3&gad_source=4&gad_campaignid=22788669336&gbraid=0AAAAAD_gYDEu304hhtt8Xr8c5dCv6YGk0&gclid=CjwKCAjwvsvTBhBaEiwAmf-3nkES2P-0zIYd0E9hrkS6ZFYBmBwX6EJ0uz6tDlXyOcfd0XhDBCrRCxoC0H8QAvD_BwE,
,177,Good Pictures Bad Pictures Jr.,Catholic compatible,3-7,Defend Young Minds,used,17,1,17,https://www.solutioninn.com/textbooks/good-pictures-bad-pictures-jr-a-simple-plan-to-protect-young-minds-1st-edition-978-0997318791-1149750?utm_source=gmc&utm_source=google&utm_medium=cpc&utm_campaign=pmax_textbooks&src=pmax_paid&campaign_type=textbooks_gm&backup_gclid=CjwKCAjwvsvTBhBaEiwAmf-3nikeg4HBLMwdh18hnbeUHk_bCHkYqXABHOCLHGOnTwB8-B7P4tcgBxoC3_gQAvD_BwE&product_id=9780997318791&gclid=CjwKCAjwvsvTBhBaEiwAmf-3nikeg4HBLMwdh18hnbeUHk_bCHkYqXABHOCLHGOnTwB8-B7P4tcgBxoC3_gQAvD_BwE&gad_source=4&gad_campaignid=23865918926&gbraid=0AAAAAod5tGYAzmdIJ-cO7FajaLXDh7aax,
,178,The Adventures of Loupio Vol. 7: Fire and Ashes,Catholic,7-12,Magnificat & Ignatius Press (Catholic),used,9,1,9,https://shop.catholicsupply.com/the-adventures-of-loupio-vol-7-the-fire-and-other-stories-pb.aspx?gad_source=4&gad_campaignid=15729367351&gbraid=0AAAAADFzrAx2wDpDmRZDviQYuPEl7SXNu&gclid=CjwKCAjwvsvTBhBaEiwAmf-3nuB7L_0UbJ1dakGLHEAjEgJy_Dwo3DTkyqtNEggVFwrI7fe2H9rdSxoCNtUQAvD_BwE,
,179,Saint Cecelia: The Patroness of Music,Catholic,5-9,Catholic Book Publishing Corp.,used,15,1,15,https://www.thriftbooks.com/w/life-of-st-cecilia-virgin-and-martyr/26591738/item/59385081/?utm_source=google&utm_medium=cpc&utm_campaign=shopping_new_condition_books_high_14637440387&utm_adgroup=&utm_term=&utm_content=545813731367&gad_source=4&gad_campaignid=14637440387&gbraid=0AAAAADwY45g6UbBx-2F9sWb4YP-GPhrw1&gclid=CjwKCAjwvsvTBhBaEiwAmf-3nnYx3hWleOQgZLSJaIkcPPQE2raaLUzTa4GwT1ypiGFfjLp4zqI5MRoCn1wQAvD_BwE#idiq=59385081&edition=66661393,
,180,Saint Lucy: The Patroness of Light,Catholic,5-9,Catholic Book Publishing Corp.,new,11,1,11,https://www.walmart.com/ip/Lucy-The-Little-Light-of-Syracuse-Saint-Lucy-the-Virgin-Martyr-283-304a-d-Paperback-9798296594280/17496862255?wmlspartner=wlpa&selectedSellerId=0&veh=seo_fpl&cn=google,
,181,Lily of the Mohawks: Saint Kateri Tekakwitha,Catholic,8-14,Voyage Comics (Catholic),used,7,1,7,https://www.catholiccompany.com/products/lily-of-the-mohawks-saint-kateri-tekakwitha?variant=51163683651893&utm_term=&utm_campaign=&utm_source=adwords&utm_medium=ppc&hsa_acc=1453680900&hsa_cam=22798195594&hsa_grp=&hsa_ad=&hsa_src=x&hsa_tgt=&hsa_kw=&hsa_mt=&hsa_net=adwords&hsa_ver=3&gad_source=4&gad_campaignid=22788669336&gbraid=0AAAAAD_gYDEu304hhtt8Xr8c5dCv6YGk0&gclid=CjwKCAjwvsvTBhBaEiwAmf-3nruAGB-nRHfHVR19YNCUobKDb12goLvUFpSVLN51VUoZlAdJ_ukuZRoC-lUQAvD_BwE,
,182,Maximilian: Saint of Auschwitz (for youth),Catholic,9-14,Sophia Institute Press (Catholic),new,12,1,12,https://www.barnesandnoble.com/w/maximilian-kolbe-elaine-murray-stone/1114505386?ean=9780809166374,
,183,A Little Book About Confession for Children,Catholic,6-10,Ignatius Press (Catholic),used,4,1,4,https://www.worldofbooks.com/products/little-book-about-confession-for-children-book-kendra-tierney-9781586179304?sku=CIN1586179306G&gad_source=1&gad_campaignid=21957266543&gbraid=0AAAAAC04ib3QRMPoZCoQWjTqiNIxmXwE9&gclid=CjwKCAjwvsvTBhBaEiwAmf-3nooOzxpa_HtkEXzRmjlgRyyqgdYFOA_J6yyXnvfKJAcN8FfIEzzOaBoCqP8QAvD_BwE,
,184,Treasure Box Books Set 1-20,Catholic,2-8,TAN Books (Catholic),used,46,1,46,https://www.thriftbooks.com/w/catholic-childrens-treasure-box-vols-1-10_maryknoll-sisters/14197345/item/61432186/?utm_source=google&utm_medium=cpc&utm_campaign=shopping_new_condition_books_high_14637440387&utm_adgroup=&utm_term=&utm_content=545752455739&gad_source=1&gad_campaignid=14637440387&gbraid=0AAAAADwY45hlBaqpkhLXUYe1ssmn8WeQP&gclid=CjwKCAjwvsvTBhBaEiwAmf-3nhmbilAi79dTOlkOQGC9OxV696MRXlvVpC2wC7NbY9khvWXQDIQnfRoChN0QAvD_BwE#idiq=61432186&edition=15053681,
,185,The Great Adventure Kids Bible,Catholic,8-12,Ascension Press (Catholic),used,6,1,6,https://www.worldofbooks.com/products/great-bible-adventure-book-sandy-silverthorne-9780890818428?sku=CIN0890818428VG&gad_source=1&gad_campaignid=21951251496&gbraid=0AAAAAC04ib1R3LfA2maCccdy_B0pbDDMc&gclid=CjwKCAjwvsvTBhBaEiwAmf-3njf2pOwI0hvc7Rw77SYNbX4jS9CGUTT6VWl7REW1MaQ3oh0rvC4wzRoCzMUQAvD_BwE,
,186,The Catholic Youth Bible 4th Edition,Catholic,12-18,Saint Mary's Press (Catholic),used,6,1,6,https://www.thriftbooks.com/w/the-catholic-youth-bible-new-revised-standard-version-pray-it-study-it-live-it_anonymous/293204/item/2798110/?utm_source=google&utm_medium=cpc&utm_campaign=high_vol_midlist_standard_shopping_customer_acquisition_20381777654&utm_adgroup=&utm_term=&utm_content=666157863328&gad_source=1&gad_campaignid=20381777654&gbraid=0AAAAADwY45heXE3P6a_dngO8FJdgYkKqF&gclid=CjwKCAjwvsvTBhBaEiwAmf-3no8RLMd9ViV1BOKNvMrwBtuUhl9FNpbWdR-36re_ed5N9i_vxS446RoCAukQAvD_BwE#idiq=2798110&edition=7797166,
,187,Good Pictures Bad Pictures: Porn-proofing Today's Young Kids,Catholic compatible,8-12,Defend Young Minds,used,8,1,8,https://www.abebooks.com/servlet/BookDetailsPL?bi=32413759864&dest=USA,
,188,Tweeting with God,Catholic,13 & up,Ignatius Press (Catholic),used,5,1,5,https://www.worldofbooks.com/products/tweeting-with-god-book-fr-michel-remery-9781621640158?sku=CIN1621640159G&gad_source=1&gad_campaignid=22584138175&gbraid=0AAAAAC04ib0-EFOAWy1Rg7v3oeT_t0uKI&gclid=CjwKCAjwvsvTBhBaEiwAmf-3nnywORyLQ-XrqUZrHU-xCr-i53o8Txjm912KrMRVN4A1DdEnv6DtjxoCdJUQAvD_BwE,
,189,Tweeting with God Manual,Catholic,18 & up,Ignatius Press (Catholic),used,9,1,9,https://www.thriftbooks.com/w/tweeting-with-god--big-bang-prayer-bible-sex-crusades-sin-career---_michael-remery/9572384/item/59689338/?utm_source=google&utm_medium=cpc&utm_campaign=shopping_new_condition_books_high_14637440387&utm_adgroup=&utm_term=&utm_content=545821544816&gad_source=4&gad_campaignid=14637440387&gbraid=0AAAAADwY45g6UbBx-2F9sWb4YP-GPhrw1&gclid=CjwKCAjwvsvTBhBaEiwAmf-3nk-0ijeqEMOb6KGfiFNRG0DZJKk4Pg_Q4QiAUTRnEep0HbzOdgxsfxoCru4QAvD_BwE#idiq=59689338&edition=53620352,
,191,Prove It\! Church,Catholic,12-17,Our Sunday Visitor (Catholic),new,13,1,13,https://olopgiftshop.com/products/Prove-It-Church-p655092217?srsltid=AfmBOopjqFvRFGhzBvr9WX6PGcdV2B-35K_RR8Di9fJ8pOr6gB0NC6LeXc0,
,192,Prove It\! Prayer,Catholic,12-17,Our Sunday Visitor (Catholic),used,10,1,10,https://catholicbookandgifts.com/products/prove-it-prayer?variant=43289714262235&country=US&currency=USD&utm_medium=product_sync&utm_source=google&utm_content=sag_organic&utm_campaign=sag_organic&srsltid=AfmBOoqmxG1H7QcB_BRC2uiJ2Jc13dV_T-A2J3fAw0eQNYePrKb3MnVDKF0,
,193,Prove It\! God,Catholic,12-17,Our Sunday Visitor (Catholic),used,5,1,5,https://www.worldofbooks.com/products/prove-it-god-book-amy-welborn-9781592766833?sku=CIN1592766838VG,
,194,Yes or No? Straight Answers to Tough Questions About Christianity by Peter Kreeft,Catholic,14 & up,Ignatius Press (Catholic),used,14,1,14,https://www.christianbook.com/straight-answers-tough-questions-about-christianity/peter-kreeft/9780898703580/pd/8703581?en=google&event=SHOP&kw=ingram-0-20%7C8703581&p=1179710&srsltid=AfmBOoq7o-fIC_TtJrX53eUxUDSoXvGkroP4wkutFHQjrJirTecOFzWowZ0,
,195,Judith: Captive to Conqueror,Catholic,10-16,Manga Hero partnered with Pauline Books & Media (Catholic),used,16,1,16,https://www.abebooks.com/servlet/BookDetailsPL?bi=32439149217&dest=USA,
,196,The Swiss Guard: Protectors of the Pope (Graphic Novel),Catholic,10 & up,Ignatius Press (Catholic),new,17,1,17,https://ignatius.com/the-swiss-guard-6sgh/,
,197,Shadow of His Wings: A Graphic Biography of Fr. Gereon Goldmann,Catholic,10-15,Augustine Institute and Ignatius Press (Catholic),used,11,1,11,https://www.thriftbooks.com/w/the-shadow-of-his-wings-a-graphic-biography-of-fr-gereon-goldmann_gereon-goldmann_max-temesou/52750554/item/33736626/?utm_source=google&utm_medium=cpc&utm_campaign=us_shopping_zombies_hvs_21811042479&utm_adgroup=&utm_term=&utm_content=717524850233&gad_source=1&gad_campaignid=21811042479&gbraid=0AAAAADwY45hFBUTYlmqgXvwKuIAKmIjfZ&gclid=CjwKCAjwvsvTBhBaEiwAmf-3nsEUa762ejXtKtjUADMKTqwG0EQweV7u2ANV89hCktWGbEGV4lkDmhoCxCYQAvD_BwE#idiq=33736626&edition=10815985,
,198,Saint Philip of the Joyous Heart (Vision Books),Catholic,9-15,Ignatius Press (Catholic),used,11,1,11,https://www.betterworldbooks.com/product/detail/saint-philip-of-the-joyous-heart-9780898704310?shipto=US&curcode=USD&utm_source=google&utm_medium=cpc&utm_campaign=pMax-Used-Top-USA&utm_content=&utm_term=&creative=&device=c&placement=&gad_source=1&gad_campaignid=22602002577&gbraid=0AAAAADMQnG95a6myJNvoOCSqOtEBXP9-O&gclid=CjwKCAjwvsvTBhBaEiwAmf-3nu27twIWwtLVi8vPqizIcQK_qif-yHpIntJwyPCLjfFPZ9QFiGXzqBoCe4sQAvD_BwE,
,199,Saint Joan: The Girl Soldier by Louis de Wohl (Vision Books),Catholic,9-15,Ignatius Press (Catholic),used,8,1,8,https://www.worldofbooks.com/products/saint-joan-book-louis-de-wohl-9780898708226?sku=CIN0898708222VG&gad_source=1&gad_campaignid=21950873028&gbraid=0AAAAAC04ib1mDJVGdoJNQD29RICgeVTBV&gclid=CjwKCAjwvsvTBhBaEiwAmf-3nlPTP4vt9gjMV22QseebHcwCmAG1Y6EZxClfep_Fi2R9IJQYAqUk0xoCsGMQAvD_BwE,
,200,Saint Maximilian Kolbe: Knight fo the Immaculata (Vision Books),Catholic,9-15,Ignatius Press (Catholic),used,10,1,10,https://www.christianbook.com/saint-maximilian-kolbe-hero-the-holocaust/9781621643227/pd/64322X?en=google&event=SHOP&kw=ingram-0-20%7C64322X&p=1179710&utm_source=google&p=1234083&dv=c&cb_src=google&cb_typ=shopping&cb_cmp=20379181146&cb_adg=157175267691&cb_kyw=&utm_medium=shopping&gad_source=1&gad_campaignid=20379181146&gbraid=0AAAAAD_dTHYjNeKf-4eyZ_wgQESATGN79&gclid=CjwKCAjwvsvTBhBaEiwAmf-3no0G9GhG-J-GxSCRhXs526WhCig8W2E5rNupZXP1ctIbKdq4I0VsKxoC6D0QAvD_BwE,
,201,Saint Helena and the True Cross (Vision Books),Catholic,9-15,Ignatius Press (Catholic),new,10,1,10,https://www.stjudeshop.com/shop-religious-articles/books-journals-audio-books/biographies/st-helena-and-the-true-cross-by-louis-de-wohl/?sku=9781586175986&srsltid=AfmBOooL0Mt18Uptm4AICE0Ie9rJ7lAii3i30bDItmjn4vt9lCqJdXrToGk,
,202,Why We're Catholic (Trent Horn),Catholic,13 & up,Catholic Answers Press,used,6,1,6,https://www.betterworldbooks.com/product/detail/why-were-catholic-our-reasons-for-faith-hope-and-love-9781683570240?shipto=US&curcode=USD&utm_source=google&utm_medium=cpc&utm_campaign=pMax-Used-USA&utm_content=&utm_term=&creative=&device=c&placement=&gad_source=1&gad_campaignid=16440140764&gbraid=0AAAAADMQnG-Ulq2xI30cALI0OuoBHilE5&gclid=CjwKCAjwvsvTBhBaEiwAmf-3nmmQRyweasWViPMWl7e_ROThIBYLUr5tRO7en16SkRwvWIE6tjSJHxoCSFYQAvD_BwE,
,203,The Illustrated Gospel for Children (commentary for youth),Catholic,5-11,Magnificat & Ignatius Press (Catholic),used,7,1,7,https://www.thriftbooks.com/w/the-illustrated-gospel-for-children_christine-ponsard_jean-francois-kieffer/602863/item/16878813/?utm_source=google&utm_medium=cpc&utm_campaign=us_shopping_zombies_hvml_22797775610&utm_adgroup=&utm_term=&utm_content=764091475358&gad_source=4&gad_campaignid=22797775610&gbraid=0AAAAADwY45iJ8TIT6OA1FOigKloWfnihz&gclid=CjwKCAjwvsvTBhBaEiwAmf-3nqe_SidsXPbwuYMbJB7u8S8nB1kW8GIGDYo5lvic2grdZ40fV-X3mRoC1AgQAvD_BwE#idiq=16878813&edition=6614700,
,204,Tell Me About The Catholic Faith (catechetical foundation),Catholic,7-10,Magnificat & Ignatius Press (Catholic),used,16,1,16,https://www.christianbook.com/about-catholic-faith-from-bible-sacraments/9781586178130/pd/178133?en=google&event=SHOP&kw=ingram-0-20%7C178133&p=1179710&utm_source=google&p=1229913&dv=c&cb_src=google&cb_typ=shopping&cb_cmp=23253333512&cb_adg=191394761951&cb_kyw=&utm_medium=shopping&gad_source=4&gad_campaignid=23253333512&gbraid=0AAAAAD_dTHbAoHTldZZX37t_b9qeRM9NN&gclid=CjwKCAjwvsvTBhBaEiwAmf-3nqGEH6zcbHvWYM6K9SDfB4bV1JZNEQ_FOTbbBK-tBjyYj4iSAjde6BoCMOQQAvD_BwE,
,205,Rules of Civility and Decent Behaviour in Company and Conversation by George Washington,Catholic compatible maybe. He copied an English translation of a guide originally composed by French Jesuit priests in 1595,9 & up,[Various publishers available for this book],used,9,1,9,https://www.thriftbooks.com/w/george-washingtons-rules-of-civility--decent-behavior-in-company-and-conversation-little-books-of-wisdom_george-washington/398748/item/50344360/?utm_source=google&utm_medium=cpc&utm_campaign=shopping_new_condition_books_high_14637440387&utm_adgroup=&utm_term=&utm_content=545682125679&gad_source=4&gad_campaignid=14637440387&gbraid=0AAAAADwY45g6UbBx-2F9sWb4YP-GPhrw1&gclid=CjwKCAjwvsvTBhBaEiwAmf-3nklY1hGPOwNRPZGgt-KHo9zz0HHP3R-Xcrr5B5i4C74_sdpMMcsthBoC7dQQAvD_BwE#idiq=50344360&edition=14815958,
,206,The Rules of Christian Decorum and Civility,Catholic,14 & up,Christian Brothers Conference (Catholic),new,19,1,19,https://www.smp.org/product/9209/The-Rules-of-Christian-Decorum-and-Civility/?srsltid=AfmBOorE3pWX9K_UMOK204BY4oOycufQYy-LKgtcKk0ltFE8oEQuhWzx,
,207,Catholic Manual of Civility,Catholic,10 & up,"Tradition in Action, Inc. ",used,16,1,16,https://www.thriftbooks.com/w/catholic-manual-of-civility/2902551/item/11188440/?utm_source=google&utm_medium=cpc&utm_campaign=us_shopping_edu_reference_used_22874047563&utm_adgroup=&utm_term=&utm_content=768533708290&gad_source=1&gad_campaignid=22874047563&gbraid=0AAAAADwY45ib7PMaSDI09v-MkUKKqxD5M&gclid=CjwKCAjwvsvTBhBaEiwAmf-3nhBMKNNxGAdQF-Hh0ZZKgGSM9S7F2yZ9rgwCqyrRpci45WIv6SEUZBoC8N0QAvD_BwE#idiq=11188440&edition=6205325,
,208,Ten Keys to Good Manners,Catholic,7 & up,Magnificat & Ignatius Press (Catholic),used,9,1,9,https://www.thriftbooks.com/w/ten-keys-to-good-manners/54917528/item/89955354/?utm_source=google&utm_medium=cpc&utm_campaign=us_shopping_zombies_lvs_21821394433&utm_adgroup=&utm_term=&utm_content=717446094193&gad_source=1&gad_campaignid=21821394433&gbraid=0AAAAADwY45iVK77iucyFkWq9wBP_7GSpx&gclid=CjwKCAjwvsvTBhBaEiwAmf-3np0dwSbDRl1AqlfQMJ3okAUpSNklm0pwbMPibJgHR9-aws7rm6MxjRoC7m8QAvD_BwE#idiq=89955354&edition=72832048,
,209,Everyday Graces: A Child's Book of Good Manners,General Christian,4-11,ISI Books/Regnery Publishing,new,22,1,22,https://www.amazon.com/Everyday-Graces-Childs-Book-Manners/dp/1932236090,
,210,The Catholic Gentleman: Living Authentic Manhood Today,Catholic,14 & up,Ignatius Press (Catholic),used,12,1,12,https://www.thriftbooks.com/w/the-catholic-gentleman-living-authentic-manhood-today/19906930/item/36689442/?utm_source=google&utm_medium=cpc&utm_campaign=us_shopping_zombies_hvs_21811042479&utm_adgroup=&utm_term=&utm_content=717524850233&gad_source=1&gad_campaignid=21811042479&gbraid=0AAAAADwY45hFBUTYlmqgXvwKuIAKmIjfZ&gclid=CjwKCAjwvsvTBhBaEiwAmf-3nvsguzMybGmLWzXe4g1Dw9liQu-NyWjAhp_CVLrgEFykTUXBThEArhoCf9YQAvD_BwE#idiq=36689442&edition=21175505,
,211,The Catholic Girl's Guide: Counsels and Devotions for Girls in the Ordinary Walks of Life,Catholic,12 & up,TAN Books (Catholic),used,22,1,22,https://www.catholiccompany.com/products/the-catholic-girls-guide?variant=50911896600885&utm_term=&utm_campaign=&utm_source=adwords&utm_medium=ppc&hsa_acc=1453680900&hsa_cam=22798195594&hsa_grp=&hsa_ad=&hsa_src=x&hsa_tgt=&hsa_kw=&hsa_mt=&hsa_net=adwords&hsa_ver=3&gad_source=1&gad_campaignid=22788669336&gbraid=0AAAAAD_gYDEA5aE_gzXxSjQwjEbLQZNbw&gclid=CjwKCAjwvsvTBhBaEiwAmf-3nr0Iy64Ho5Ow-Q12deqpVk1RHCut_J9SZ9DoZ2bCN1hHpqp-kuHP2BoCiI4QAvD_BwE,
,212,Dressing with Dignity,Catholic,12 & up,TAN Books (Catholic),used,6,1,6,https://www.thriftbooks.com/w/dressing-with-dignity_colleen-hammond/278129/item/9992603/?utm_source=google&utm_medium=cpc&utm_campaign=high_vol_midlist_standard_shopping_customer_acquisition_20381777654&utm_adgroup=&utm_term=&utm_content=666157863328&gad_source=1&gad_campaignid=20381777654&gbraid=0AAAAADwY45heXE3P6a_dngO8FJdgYkKqF&gclid=CjwKCAjwvsvTBhBaEiwAmf-3npAASsgJU9zQoxuqbub8N3fq9eBprVPCD7NJlNzkOK-TPEAoJrz97xoCjD0QAvD_BwE#idiq=9992603&edition=3042563,
,213,Beautiful Girlhood,General Christian,11-14,Lulu Press,used,6,1,6,https://www.worldofbooks.com/products/beautiful-girlhood-book-mabel-hale-9781387971619?sku=CIN1387971611G&gad_source=1&gad_campaignid=21956371336&gbraid=0AAAAAC04ib3sHauG6lbyn9p9h28Gp6UCn&gclid=CjwKCAjwvsvTBhBaEiwAmf-3ni_qXwrVvVoxHRlHmBbFRoUu5ZVRI_hzZ0JHRci4K5mLkHXARJPTYRoCnX8QAvD_BwE,
,214,Sixty Saints for Girls,Catholic,7-12,Angelico Press (Catholic),used,16,1,16,https://www.thriftbooks.com/w/sixty-saints-for-girls_joan-windham/323722/item/34875280/?utm_source=google&utm_medium=cpc&utm_campaign=us_shopping_childrens_22852179116&utm_adgroup=&utm_term=&utm_content=766933689252&gad_source=1&gad_campaignid=22852179116&gbraid=0AAAAADwY45jehVqhEXbYsnOVyAVqiOODy&gclid=CjwKCAjwvsvTBhBaEiwAmf-3ngpPOU5W70WAAopmWl6f-AZqMUUYIHEf4LGlkP_T4jl10oNlce7FOxoCQ18QAvD_BwE#idiq=34875280&edition=8938765,
,215,Ablaze: Stories of Daring Teen Saints,Catholic,12-16,Pauline Books & Media (Catholic),used,9,1,9,https://www.thriftbooks.com/w/ablaze-stories-of-daring-teen-saints_colleen-swaim/330747/item/3821405/?utm_source=google&utm_medium=cpc&utm_campaign=us_shopping_zombies_hvml_22797775610&utm_adgroup=&utm_term=&utm_content=764091475358&gad_source=1&gad_campaignid=22797775610&gbraid=0AAAAADwY45jVzZKvY2t8sUpeT9A9lQY9u&gclid=CjwKCAjwvsvTBhBaEiwAmf-3nj3AD8cHd5IozL7AKvyqFI10MPpb1qJIUFP2rWmWbDatN55CZLdHWhoCQB0QAvD_BwE#idiq=3821405&edition=6496825,
,216,Catholic Stories for Boys and Girls,Catholic,7-11,TAN Books (Catholic),new,70,1,70,https://tanbooks.com/products/catholic-stories-for-boys-and-girls-set-of-4/?sku=NP9055&gc_id=12292385187&h_ad_id=497215801881&gad_source=1&gad_campaignid=12292385187&gbraid=0AAAAADyykAzCbYIjEGRu6PHtgDQqsJ5_X&gclid=CjwKCAjwvsvTBhBaEiwAmf-3nmdvD80zRT01QQk5-XgQ65xJW4atdWMcdvgsRYHtQZaGh3vqcEYQ0BoCWCEQAvD_BwE,
,217,My Catholic Children's Bible ,Catholic,4-9,TAN Books (Catholic),new,30,1,30,https://tanbooks.com/products/books/my-catholic-childrens-bible/?sku=SB7721&gc_id=12292385187&h_ad_id=497215801881&gad_source=1&gad_campaignid=12292385187&gbraid=0AAAAADyykAzCbYIjEGRu6PHtgDQqsJ5_X&gclid=CjwKCAjwvsvTBhBaEiwAmf-3nqhymY_9wpJS5g8uphAucRwm0wuW7NUJHEjV6s-leS8G3mqFWXGgqxoCcWQQAvD_BwE,
,218,My Very First Bible Stories,Catholic compatible,0-5,DK Publishing,used,7,1,7,https://www.thriftbooks.com/w/my-very-first-bible-stories_gabrielle-mercer/2069949/item/32756184/?utm_source=google&utm_medium=cpc&utm_campaign=us_shopping_childrens_22852179116&utm_adgroup=&utm_term=&utm_content=766933689252&gad_source=1&gad_campaignid=22852179116&gbraid=0AAAAADwY45jehVqhEXbYsnOVyAVqiOODy&gclid=CjwKCAjwvsvTBhBaEiwAmf-3nvCQgLHpkbtc66Wj-qhfBNVn9AgOCSaasxqQONUVNxIOTlp3draMARoCyQYQAvD_BwE#idiq=32756184&edition=6764647,
,219,The Beginner's Bible for Toddlers,Catholic compatible. No conflicting teaching,1-4,Zonderkidz,new,6,1,6,https://www.target.com/p/the-beginner-s-bible-for-little-ones-board-book/-/A-88900417?sid=2830S&TCID=PDS-336241849&gclsrc=aw.ds&ds_rl=1246978&ds_rl=1248099&gad_source=1&gad_campaignid=336241849&gbraid=0AAAAAD-5dfYyffubqVF8fmoEp22B13ov0&gclid=CjwKCAjwvsvTBhBaEiwAmf-3ngZ-RBcvTeINg0V2g3hQvA3cm5_KM1ufJoyzN3DsAt6azgpcBR6qChoC7lcQAvD_BwE,
,220,Jesus Is Born: Christmas Story,Catholic compatible,2-5,Grosset & Dunlap/Thomas Nelson,new,15,1,15,https://litpress.org/Products/2582/Jesus-Is-Born?gad_source=1&gad_campaignid=211064100&gbraid=0AAAAAD66FGYGZY13LXZdyY9C6Nqz81n6g&gclid=CjwKCAjwvsvTBhBaEiwAmf-3npL2gKBS05F8-qcBQPJo8L_xF33RrI0lE157WfRRSZB-TWywVBKY2RoC7TMQAvD_BwE,
,221,On Noah's Ark by Jan Brett (board book),General Christian,0-2,G.P. Putnam's Sons Books for Young Readers,used,5,1,5,https://www.thriftbooks.com/w/on-noahs-ark_jan-brett/286335/item/1662036/?utm_source=google&utm_medium=cpc&utm_campaign=high_vol_midlist_standard_shopping_customer_acquisition_20381777654&utm_adgroup=&utm_term=&utm_content=666157863328&gad_source=1&gad_campaignid=20381777654&gbraid=0AAAAADwY45heXE3P6a_dngO8FJdgYkKqF&gclid=CjwKCAjwvsvTBhBaEiwAmf-3nvXe1a2QXuixd6F9ZP7jjaXBbE7ExzrqBLLHyB4TP4O-0NA2XoDyPhoChAgQAvD_BwE#idiq=1662036&edition=5044556,
,222,Jonah and the Whale (picture book),Catholic compatible,3-6,Miles Kelly Publishing,used,7,1,7,https://www.christianbook.com/jonah-and-the-whale/9781789896619/pd/896619?en=google&event=SHOP&kw=preorder-0-20%7C896619&p=1179710&utm_source=google&p=1229913&dv=c&cb_src=google&cb_typ=shopping&cb_cmp=23253333512&cb_adg=191394764591&cb_kyw=&utm_medium=shopping&gad_source=1&gad_campaignid=23253333512&gbraid=0AAAAAD_dTHaadriQnuUAXAS1AjHSn9C30&gclid=CjwKCAjwvsvTBhBaEiwAmf-3nl6Jegm9H1GNAJCFuwwo34Uve48LNfZLC79ifuF5dCKPKR_I3h6C3xoCNRMQAvD_BwE,
,223,Moses and the Burning Bush by Juniper Dale (picture book),Catholic compatible,4-10,Independently published,used,14,1,14,https://www.betterworldbooks.com/product/detail/moses-and-the-burning-bush-my-quiet-time-bible-story-read-along-with-me-fully-illustrated-teaching-k-9798264599057?shipto=US&curcode=USD&utm_source=google&utm_medium=cpc&utm_campaign=Shopping-New-USA&utm_content=186849722375&utm_term=&creative=777596326024&device=c&placement=&gad_source=4&gad_campaignid=23072334438&gbraid=0AAAAADMQnG-ehafpLY4je1XnzMSt2V0iy&gclid=CjwKCAjwvsvTBhBaEiwAmf-3nkF7VD5DBbenNgVXgeny2KztelSCjHrOYBiM48ix1OJceOAuzWYd9xoCpYkQAvD_BwE,
,224,The Wedding at Cana (picture book),Catholic compatible,5-9,Arch Books,used,5,1,5,https://www.thriftbooks.com/w/the-wedding-at-cana---arch-books-arch-books-paperback_joanne-bader/10223379/item/14399856/?utm_source=google&utm_medium=cpc&utm_campaign=us_shopping_zombies_hvbl_22798464369&utm_adgroup=&utm_term=&utm_content=764383471566&gad_source=1&gad_campaignid=22798464369&gbraid=0AAAAADwY45i6kAUQfe3AL_1pc3nQ-thU5&gclid=CjwKCAjwvsvTBhBaEiwAmf-3nuA78ygMsEawyxsvaSfCdm44IpXWR7j8trdEDKgdYksQ_n8FWmmYshoCfPwQAvD_BwE#idiq=14399856&edition=9698343,
,225,Jesus Feeds the Five Thousand,Catholic compatible,4-8,Zonderkidz,new,4,1,4,https://www.barnesandnoble.com/w/jesus-feeds-the-five-thousand-crystal-bowman/1139865984?ean=9780310409144,
,226,Jesus Walks on Water (picture book),Catholic compatible,4-8,Arch Books Series/Concordia Publishing House,used,4,1,4,https://www.christianbook.com/jesus-walks-on-the-water/nancy-sanders/9780758608642/pd/608642?en=google&event=SHOP&kw=childrens-books-0-20%7C608642&p=1179710&utm_source=google&p=1244755&dv=c&cb_src=google&cb_typ=shopping&cb_cmp=23835087334&cb_adg=195026004863&cb_kyw=&utm_medium=shopping&gad_source=1&gad_campaignid=23835087334&gbraid=0AAAAAD_dTHa2Xwq105vMon1vPWr8FIpY8&gclid=CjwKCAjwvsvTBhBaEiwAmf-3niXP-YSaGmZYy2bFyNMmTZOGRwfCqT6BlaM67AREMZbkUOkKTrlPixoCNwIQAvD_BwE,
,227,The Nativity Story (board book),Catholic compatible,0-5,Igloo Books,used,7,1,7,https://www.christianbook.com/the-nativity-padded-board-book/9781837955275/pd/955276?en=google&event=SHOP&kw=childrens-books-0-20%7C955276&p=1179710&utm_source=google&p=1238751&dv=c&cb_src=google&cb_typ=pmax&cb_cmp=21788738292&cb_adg=&cb_kyw=&utm_medium=shopping&gad_source=1&gad_campaignid=21788738559&gbraid=0AAAAAD_dTHZlJyh9RQd6wshm_yFQcJRDg&gclid=CjwKCAjwvsvTBhBaEiwAmf-3nr2nIRF_modCYRE2oSI3h6qDLsMMOol9vcgrepPfIrzNz5Yo0YACOxoCgnwQAvD_BwE,
,228,Humphrey's First Palm Sunday Boardbook,General Christian,2-5,WorthyKids,used,7,1,7,https://www.christianbook.com/humphreys-first-palm-sunday-boardbook/carol-heyer/9780824916886/pd/916886?en=google&event=SHOP&kw=ingram-0-20%7C916886&p=1179710&utm_source=google&p=1234083&dv=c&cb_src=google&cb_typ=shopping&cb_cmp=20379181146&cb_adg=157175267691&cb_kyw=&utm_medium=shopping&gad_source=1&gad_campaignid=20379181146&gbraid=0AAAAAD_dTHYjNeKf-4eyZ_wgQESATGN79&gclid=CjwKCAjwvsvTBhBaEiwAmf-3nnjNr7HgGsyaZM33dfgyd2FWsVt9v6Pqgz4fI6r33fGJuY4FBtUfyRoC_FQQAvD_BwE,
,230,He Is Risen: The True Meaning of Easter By Glorious Youth,Catholic compatible,3-8,Independently published,used,17,1,17,https://www.thriftbooks.com/w/he-is-risen-the-true-meaning-of-easter-a-beautiful-easter-story-of-jesus-the-cross-and-his-resurrection/55298060/item/84631362/?utm_source=google&utm_medium=cpc&utm_campaign=shopping_new_condition_books_high_14637440387&utm_adgroup=&utm_term=&utm_content=545752455739&gad_source=1&gad_campaignid=14637440387&gbraid=0AAAAADwY45hlBaqpkhLXUYe1ssmn8WeQP&gclid=CjwKCAjwvsvTBhBaEiwAmf-3npOGzNAXkXAcQhitTWLVf6eAmrIYlTVzdRAlaajFN5_pR-IfnUok_RoCoOsQAvD_BwE#isbn=B0F4PM3YT6&idiq=84631362,
,231,A Child's Christmas Counting Book by Paul Thigpen,Catholic,1-4,TAN Books (Catholic),new,20,1,20,https://tanbooks.com/products/books/a-childs-christmas-counting-book-guest-of-the-animals/?sku=2862&gc_id=12292385187&h_ad_id=497215801881&gad_source=1&gad_campaignid=12292385187&gbraid=0AAAAADyykAzCbYIjEGRu6PHtgDQqsJ5_X&gclid=CjwKCAjwvsvTBhBaEiwAmf-3ntnjm96yxDxZeQYxPxma08vCRXUwnz4_oB1FoDljaYNPoQhdsom27BoCsPEQAvD_BwE,
,232,Our Father by Maite Roche,Catholic,1-5,Magnificat & Ignatius Press (Catholic),used,6,1,6,https://www.thriftbooks.com/w/our-father/19347391/item/32548777/?utm_source=google&utm_medium=cpc&utm_campaign=us_shopping_childrens_22852179116&utm_adgroup=&utm_term=&utm_content=766933689252&gad_source=1&gad_campaignid=22852179116&gbraid=0AAAAADwY45jehVqhEXbYsnOVyAVqiOODy&gclid=CjwKCAjwvsvTBhBaEiwAmf-3nq1s_7Jq3r-R5UipcJraMa2gPZDix76kUnWC9v8pjLJ2pYeezRN8YxoCF0kQAvD_BwE#idiq=32548777&edition=20596715,
,233,Saint Michael the Archangel (picture book),Catholic,4-11,TAN Books (Catholic),used,4,1,4,https://www.christianbook.com/st-michael-the-archangel/9780895558442/pd/558442?en=google&event=SHOP&kw=ingram-0-20%7C558442&p=1179710&utm_source=google&p=1229913&dv=c&cb_src=google&cb_typ=shopping&cb_cmp=23253333512&cb_adg=191394761951&cb_kyw=&utm_medium=shopping&gad_source=1&gad_campaignid=23253333512&gbraid=0AAAAAD_dTHaadriQnuUAXAS1AjHSn9C30&gclid=CjwKCAjwvsvTBhBaEiwAmf-3nncnHfDJI6FOdLJiBECg9-D_LrVp6DC4mDhyKjsFVR63L0RjkkKdgxoCLmgQAvD_BwE,
,234,Saint Gabriel the Messenger (picture book),Catholic,0-8,Independently published,new,13,1,13,https://www.betterworldbooks.com/product/detail/st-gabriel-the-archangel-children-s-christian-book-lives-of-the-saints-9798348338626?shipto=US&curcode=USD&utm_source=google&utm_medium=cpc&utm_campaign=Shopping-New-USA&utm_content=186849722375&utm_term=&creative=777596326024&device=c&placement=&gad_source=4&gad_campaignid=23072334438&gbraid=0AAAAADMQnG-ehafpLY4je1XnzMSt2V0iy&gclid=CjwKCAjwvsvTBhBaEiwAmf-3nniXB7F5I0p3OkMiLaedRcRLrW3AmB8SIkpYyNXzQK-7HwVqXTmJnxoCeO8QAvD_BwE,
,235,My Guardian Angel (picture book),Catholic,3-6,Aquinas Kids (Catholic),used,6,1,6,https://www.catholiccompany.com/products/my-guardian-angel?variant=50914099396917&utm_term=&utm_campaign=&utm_source=adwords&utm_medium=ppc&hsa_acc=1453680900&hsa_cam=22798195594&hsa_grp=&hsa_ad=&hsa_src=x&hsa_tgt=&hsa_kw=&hsa_mt=&hsa_net=adwords&hsa_ver=3&gad_source=1&gad_campaignid=22788669336&gbraid=0AAAAAD_gYDEA5aE_gzXxSjQwjEbLQZNbw&gclid=CjwKCAjwvsvTBhBaEiwAmf-3nmxCVK6UFIRPPNsrNCKmF0jzy2y1f-NdRd1SCOpJIYSAKR75tE__rBoCLkkQAvD_BwE,
,236,"Love God, Love Me, Love You (Board book)",Catholic,0-5,OSV Kids (Catholic),new,10,1,10,https://www.stjudeshop.com/gifts/baby-children-products/childrens-books/spiritual-books-for-children/love-god-love-me-love-you-tiny-saints-board-book/?sku=1-68192-627-8&gad_source=1&gad_campaignid=21165092379&gbraid=0AAAAA9gxNOEJNlc2tsYOSDbyjdw8bdC1Y&gclid=CjwKCAjwvsvTBhBaEiwAmf-3nj96sPLvX34Z59Z4rD_IUyJpqv83iLHIcAD-dovEx3tki8GnU81ZpRoCWY4QAvD_BwE,
,237,Jesus Loves the Little Children,Catholic compatible,4-8,Zonderkidz,used,5,1,5,https://www.christianbook.com/loves-little-children-series-level-1/janee-trasler/9780310716204/pd/716204?en=google&event=SHOP&kw=ingram-0-20%7C716204&p=1179710&utm_source=google&p=1234083&dv=c&cb_src=google&cb_typ=shopping&cb_cmp=20379181146&cb_adg=157175267691&cb_kyw=&utm_medium=shopping&gad_source=1&gad_campaignid=20379181146&gbraid=0AAAAAD_dTHYjNeKf-4eyZ_wgQESATGN79&gclid=CjwKCAjwvsvTBhBaEiwAmf-3noQyGYpHHjG0f2bfAYNo6BHgBPQbppYC0mlADoK94uYttKewJrHrbRoCW2kQAvD_BwE,
,238,The Good Samaritan (picture book),Catholic compatible,4-8,Barbour Publishing,used,5,1,5,https://www.christianbook.com/story-good-samaritan-rhyming-bible-kids/phil-smouse/9781641236126/pd/236125?en=google&event=SHOP&kw=ingram-0-20%7C236125&p=1179710&utm_source=google&p=1229913&dv=c&cb_src=google&cb_typ=shopping&cb_cmp=233748492&cb_adg=14846229612&cb_kyw=&utm_medium=shopping&gad_source=1&gad_campaignid=233748492&gbraid=0AAAAAD_dTHZwFa2yih_Kn4j3GoqwtxOoI&gclid=CjwKCAjwvsvTBhBaEiwAmf-3nr8IeEVLxzx-eNzk6fcexGhrTMnPJ7LyYAZ0MUwTgMpHgfFFyMXZYRoCP5MQAvD_BwE,
,239,The Prodigal Son (picture book),Catholic compatible,4-8,Barbour Publishing,used,4,1,4,https://www.christianbook.com/story-prodigal-rhyming-bible-for-kids/phil-smouse/9781641236133/pd/236135?en=google&event=SHOP&kw=childrens-books-0-20%7C236135&p=1179710&utm_source=google&p=1244755&dv=c&cb_src=google&cb_typ=shopping&cb_cmp=23835087334&cb_adg=195026004863&cb_kyw=&utm_medium=shopping&gad_source=1&gad_campaignid=23835087334&gbraid=0AAAAAD_dTHa2Xwq105vMon1vPWr8FIpY8&gclid=CjwKCAjwvsvTBhBaEiwAmf-3ngpLuwdYk7fWZfjvkFhqCodS-ggqwDmSWTNl5CqsVGOVOv0CADzKVBoCrAkQAvD_BwE,
,240,The Mustard Seed (picture book),General Christian,4-8,Flyaway Books,used,12,1,12,https://www.christianbook.com/the-marvelous-mustard-seed/amy-jill-levine/9780664262754/pd/262755?en=google&event=SHOP&kw=ingram-0-20%7C262755&p=1179710&utm_source=google&p=1234083&dv=c&cb_src=google&cb_typ=shopping&cb_cmp=20379181146&cb_adg=157175267691&cb_kyw=&utm_medium=shopping&gad_source=1&gad_campaignid=20379181146&gbraid=0AAAAAD_dTHYjNeKf-4eyZ_wgQESATGN79&gclid=CjwKCAjwvsvTBhBaEiwAmf-3nnnDRKX5kFT8xMP2NnT3BRONgz9yLCUTfw3A0aW0afnWgoqnrRF8_xoCTCYQAvD_BwE,
,241,Mary's Little Donkey ,Catholic compatible,4-7,Floris Books,used,11,1,11,https://www.thriftbooks.com/w/marys-little-donkey-and-the-flight-to-egypt-contemporary-kelpies_gunhild-sehlin/569979/item/41033619/?utm_source=google&utm_medium=cpc&utm_campaign=LCE_low_vol_f%2fm%2fs_standard_shopping_customer_aquisition_22591097975&utm_adgroup=&utm_term=&utm_content=754049995103&gad_source=1&gad_campaignid=22591097975&gbraid=0AAAAADwY45js040Di-hg8U_6KIWNBfxwU&gclid=CjwKCAjwvsvTBhBaEiwAmf-3ntXrlueWs6DKIJxzSa5drBGHLzesDWfpi80Er8YoU0_rpF8zuq0sFBoCrJwQAvD_BwE#idiq=41033619&edition=19911159,
,242,The Star of Bethlehem,Catholic compatible,6-14,Hearst Books,used,7,1,7,https://www.betterworldbooks.com/product/detail/the-star-of-bethlehem-the-history-mystery-and-beauty-of-the-christmas-star-9780688131203?shipto=US&curcode=USD&utm_source=google&utm_medium=cpc&utm_campaign=Shopping-Used-Inactive&utm_content=194484264719&utm_term=&creative=804640276967&device=c&placement=&gad_source=4&gad_campaignid=23739868790&gbraid=0AAAAADMQnG_D-XcbsAMg7yiesB-aV9We_&gclid=CjwKCAjwvsvTBhBaEiwAmf-3nhcCCpqRZfYMd9sQXb7dFK4B4VadHSuJr4cbY7Eq_oOhYtf8ilFzqhoCJjwQAvD_BwE,
,243,We Three Kings (picture book),Catholic compatible,4-10,Atheneum Books for Young Readers,used,16,1,16,https://www.christianbook.com/we-three-kings-gennady-spirin/9780689821141/pd/821141?en=google&event=SHOP&kw=ingram-0-20%7C821141&p=1179710&utm_source=google&p=1244755&dv=c&cb_src=google&cb_typ=shopping&cb_cmp=23835087334&cb_adg=195026004863&cb_kyw=&utm_medium=shopping&gad_source=1&gad_campaignid=23835087334&gbraid=0AAAAAD_dTHa2Xwq105vMon1vPWr8FIpY8&gclid=CjwKCAjwvsvTBhBaEiwAmf-3nloxhFi9YDSvlyUw-DWxv3PqdBZm984FOvsuthXAEewMFZCCxdyKexoCZt4QAvD_BwE,
,244,A Catholic Child's Illustrated Lives of the Saints ,Catholic,6-10,Regina Press (Catholic),used,12,1,12,https://www.christianbook.com/catholic-childs-illustrated-lives-the-saints/l-e-mccullough/9780882711409/pd/711409?en=google&event=SHOP&kw=ingram-0-20%7C711409&p=1179710&utm_source=google&p=1234083&dv=c&cb_src=google&cb_typ=shopping&cb_cmp=20379181146&cb_adg=157175267691&cb_kyw=&utm_medium=shopping&gad_source=1&gad_campaignid=20379181146&gbraid=0AAAAAD_dTHYjNeKf-4eyZ_wgQESATGN79&gclid=CjwKCAjwvsvTBhBaEiwAmf-3nnhvD6EE8NhdWtUjA2KwhtbAVIQR3uueOzOoELOtokx7J7RpkfqFaBoCwZQQAvD_BwE,
,245,"Thank You, God! (Little Blessings Series)",General Christian,1-3,Tyndale House Publishers,used,6,1,6,https://www.thriftbooks.com/w/thank-you-god-little-blessings-line_kathleen-long-bostrom/702902/item/1367694/?utm_source=google&utm_medium=cpc&utm_campaign=us_shopping_childrens_22852179116&utm_adgroup=&utm_term=&utm_content=766933689252&gad_source=1&gad_campaignid=22852179116&gbraid=0AAAAADwY45jehVqhEXbYsnOVyAVqiOODy&gclid=CjwKCAjw4dDTBhAqEiwAkHYmSg1TWYBQvULV8XY0Xm-OE3nomux0tByVHLsHSLhFjzNt7JPuOvOMbBoCswIQAvD_BwE#idiq=1367694&edition=2500423,
,246, My First Bedtime Prayers by Maïte Roche.,Catholic,0-3,WorthyKids,used,7,1,7,https://www.christianbook.com/my-first-bedtime-prayers/maite-roche/9781586175030/pd/175033?en=google&event=SHOP&kw=ingram-0-20%7C175033&p=1179710&srsltid=AfmBOoqmZ4_BfvOEJmlxeuR2XiGNIw12wB33NP8-CB8d31mYzqAmwseIHSc,
,247,My Little Catechism by Fr. Guillaume de Menthiere,Catholic,7-12,Magnificat & Ignatius Press (Catholic),used,12,1,12,https://www.thriftbooks.com/w/my-little-catechism_guillaume-de-menthire/14068829/item/43300270/?utm_source=google&utm_medium=cpc&utm_campaign=us_shopping_childrens_22852179116&utm_adgroup=&utm_term=&utm_content=766933689252&gad_source=1&gad_campaignid=22852179116&gbraid=0AAAAADwY45jehVqhEXbYsnOVyAVqiOODy&gclid=CjwKCAjw4dDTBhAqEiwAkHYmSsIIO_fvsRD4j3KVOW_INP3-gnV1uaLy-xTPzg3RbRT0y_2jh1yw3RoCIOgQAvD_BwE#idiq=43300270&edition=14909661,
,248,Saint Therese and the Roses,Catholic,9-15,Ignatius Press (Catholic),used,5,1,5,https://www.abebooks.com/servlet/BookDetailsPL?bi=32478267221&dest=USA&ref_=ps_ggl_18382194370&cm_mmc=ggl-_-US_Shopp_Trade0to10-_-product_id=US9780898705201NEW-_-keyword=&gad_source=1&gad_campaignid=17190383930&gbraid=0AAAAAD3Y6guzqjXpE_s66C4fEl0G_Pno9&gclid=CjwKCAjw4dDTBhAqEiwAkHYmSjjBV4XMqmOgU7E1a1cVGE9gUgkfeKgdejYnNsgfazxGfiKOVIkRaBoCQvsQAvD_BwE,
,249,St. Padre Pio by Abigail Gartland (Lives of the Saints) ,Catholic. Part of Lives of the Saints books created by the author,0-9,Independently published by author (Catholic),new,6,1,6,https://www.walmart.com/ip/St-Padre-Pio-Children-s-Christian-Book-Lives-of-the-Saints-Paperback-9798869283238/5432279652?wmlspartner=wlpa&selectedSellerId=0&veh=seo_fpl&cn=google,
,250,Saint Francis Preaches to the Birds,General Christian,3-8,Chronicle Books,used,5,1,5,https://www.abebooks.com/servlet/BookDetailsPL?bi=32457011293&dest=USA&ref_=ps_ggl_18382194370&cm_mmc=ggl-_-US_Shopp_Trade0to10-_-product_id=US9780811802222USED-_-keyword=&gad_source=4&gad_campaignid=17190383930&gbraid=0AAAAAD3Y6gvugevUYXEDSOSFjgSpIYkOZ&gclid=CjwKCAjw4dDTBhAqEiwAkHYmSol5Z4qAyo1wvA2bWsi1aIWYef6J5GUumnNjoMuWsavFr93nAVtTdBoCEX4QAvD_BwE,
,251,God's Grandmother: Saint Anne by Brian Kiczek,Catholic,15 & up,Independently published,used,12,1,12,https://www.walmart.com/ip/God-s-Grandmother-Saint-Anne-Paperback-9798667014676/208939308?wmlspartner=wlpa&selectedSellerId=0&veh=seo_fpl&cn=google,
,252,The Holy Rosary (picture book for young children),Catholic,5-9,Catholic Book Publishing Corp.,used,6,1,6,https://www.thriftbooks.com/w/the-holy-rosary_fr-lawrence-g-lovasik_catholic-book-publishing-corp/1700796/item/10744933/?utm_source=google&utm_medium=cpc&utm_campaign=us_shopping_zombies_hvml_22797775610&utm_adgroup=&utm_term=&utm_content=764091475358&gad_source=1&gad_campaignid=22797775610&gbraid=0AAAAADwY45jVzZKvY2t8sUpeT9A9lQY9u&gclid=CjwKCAjw4dDTBhAqEiwAkHYmSs8LALeonN4TOR7lYYA-Tjjl2cNpbA_acoajGt13XTSUe13ui0O8WxoCJv0QAvD_BwE#idiq=10744933&edition=3520703,
,253,Our Parish Church (Picture Book),Catholic,5-9,Catholic Book Publishing Corp.,used,3,1,3,https://www.stjudeshop.com/shop-religious-articles/our-parish-church-picture-book-1wat/?sku=499/00&gad_source=1&gad_campaignid=21165092379&gbraid=0AAAAA9gxNOEJNlc2tsYOSDbyjdw8bdC1Y&gclid=CjwKCAjw4dDTBhAqEiwAkHYmSigNYuuQZKd1sy30VDLX0iGpQ54xE-iHER1CcAaVQ6oN-mjWAw24wxoCLasQAvD_BwE,
,255,Lights of the Saints,Catholic,4-12,Word on Fire Spark. (Catholic),used,8,1,8,https://www.thriftbooks.com/w/light-at-the-torn-horizon/34452949/item/56523571/?utm_source=google&utm_medium=cpc&utm_campaign=us_shopping_childrens_22852179116&utm_adgroup=&utm_term=&utm_content=766933689252&gad_source=1&gad_campaignid=22852179116&gbraid=0AAAAADwY45jehVqhEXbYsnOVyAVqiOODy&gclid=CjwKCAjw4dDTBhAqEiwAkHYmSt4jnjcBK7BqGrFmGpvrw4YTWQMOwC8AOY3ghNEsA2G7ZNA6dl0dKxoC7pIQAvD_BwE#idiq=56523571&edition=65022281,
,256,The Story of Creation: Rhyming Bible Fun for Kids! (board book),Catholic compatible,4-8,Barbour Publishing,used,5,1,5,https://www.whitakerhouse.com/product/story-of-creation/?&utm_source=Google_cpc&utm_medium=adwords&utm_campaign=23355082061&utm_adgroup=195666289568&utm_term=&gclid=CjwKCAjw4dDTBhAqEiwAkHYmSjQLX3ReDGGW62S80Ewruu-CWZUvS65pGE6e5VbyL6kQa7245GJaVhoC2HgQAvD_BwE&gad_source=1&gad_campaignid=23355082061&gbraid=0AAAAACb4FukKaiC-wJPcvxJd0s8S_b9iR,
,257,See What God Made! by Kathleen Long Bostrom,General Christian,0-4,Tommy Nelson,used,9,1,9,https://churchsource.com/products/see-what-god-made-a-creation-story-lift-the-flap-book?currency=USD&country=US&variant=42369034551393&stkn=0537a4b57eb9&gad_source=1&gad_campaignid=20889593668&gbraid=0AAAAADkmkWKngNV9P7MLg4TDxHoP2s-Hs&gclid=CjwKCAjw4dDTBhAqEiwAkHYmSqybKChxvWM7B334wDaLuGs942368VGfbaNra07eVc6_fCFvA8DYLBoCwycQAvD_BwE&_su_rec=kCsW-ROzzMihr6GnPBR3I2RXd-iCVUII3HpVV4jm8zOexdaUrQvemZZJK8fernleSru0Hr4iT1W-rg-8XlfhLEY4_-HaHxZc1CkfQK1xe6Ohb7jqVD-qPM_IR4px2wbuv1cksBT8BxS9_T80xK2Ycc0K_v3blqPzZtyPcFN9Q5te_jplHGUhfe1q6Sz4H2dab2HgLxfPd4dx_WF-2D2EXkAIawkcq7G_RhdlZqxz7pSjH2XmZrv-xhO_XWjFmmt6YjrY_MqfyjIcRG4qf90lNotc38c&_su_rec_id=82b096dc-4e50-4595-b537-9804e0e3410c-1786000054,
,258,Saint Gianna Beretta Molla: A Mother's Love,Catholic. Part of The Saints Series,0-8,Hof & Heart Holdings (Catholic owned family imprint),new,23,1,23,https://www.barnesandnoble.com/w/saint-gianna-beretta-molla-hoffmeyer/1150486679?ean=9798951259028,
,259,Saint Joseph: The Foster-Father Saint by Maria Riley,Catholic,6-10,Independenlty published via Maria Riley Author platforms (Catholic),used,11,1,11,https://www.thriftbooks.com/w/saint-joseph-the-foster-father-saint-adventures-with-the-saints_maria-riley/37970019/item/55178291/?utm_source=google&utm_medium=cpc&utm_campaign=shopping_new_condition_books_high_14637440387&utm_adgroup=&utm_term=&utm_content=545752455739&gad_source=1&gad_campaignid=14637440387&gbraid=0AAAAADwY45hlBaqpkhLXUYe1ssmn8WeQP&gclid=CjwKCAjw4dDTBhAqEiwAkHYmSs9xMTpCFeS2Fr-ngN8A6bYlwY9SEh-FdiSq_vJd6k5tgtquaMtgwhoCoBQQAvD_BwE#idiq=55178291&edition=65892988,
,260,The Ten Marys: And the Angel Gabriel,Catholic,4-10,Paulist Press (Catholic),used,15,1,15,https://www.thriftbooks.com/w/the-ten-marys-and-the-angel-gabriel_aurora-magni/1840177/item/87817423/?utm_source=google&utm_medium=cpc&utm_campaign=shopping_new_condition_books_high_14637440387&utm_adgroup=&utm_term=&utm_content=545752455739&gad_source=4&gad_campaignid=14637440387&gbraid=0AAAAADwY45g6UbBx-2F9sWb4YP-GPhrw1&gclid=CjwKCAjw4dDTBhAqEiwAkHYmSvLSx7Wpf4BJ8JktXKpdzVNpgh4hehzzJdEgLDPtintQ7Keb0PO85BoCfcMQAvD_BwE#idiq=87817423&edition=6568825,
,261,Faith and Life Series Grade 3 (Ignatius Press),Catholic,8-9,Ignatius Press (Catholic),used,11,1,11,https://www.thriftbooks.com/w/our-life-with-jesus-book-3_ignatius-press/521533/item/4822341/?utm_source=google&utm_medium=cpc&utm_campaign=us_shopping_childrens_22852179116&utm_adgroup=&utm_term=&utm_content=766933689252&gad_source=1&gad_campaignid=22852179116&gbraid=0AAAAADwY45jehVqhEXbYsnOVyAVqiOODy&gclid=CjwKCAjw4dDTBhAqEiwAkHYmSsiH1i9DrybOIwCjO-OVGwiCge7as_o2I4bsBPAwR1WPUR-mTTfckhoC2LEQAvD_BwE#idiq=4822341&edition=4086220,
,262,Faith and Life Series Grade 4 (Ignatius Press),Catholic,9-10,Ignatius Press (Catholic),used,12,1,12,https://www.thriftbooks.com/w/jesus-our-guide-faith-and-life-serie-book-4/7460427/item/4048627/?utm_source=google&utm_medium=cpc&utm_campaign=us_shopping_zombies_hvml_22797775610&utm_adgroup=&utm_term=&utm_content=764004335680&gad_source=1&gad_campaignid=22797775610&gbraid=0AAAAADwY45jVzZKvY2t8sUpeT9A9lQY9u&gclid=CjwKCAjw4dDTBhAqEiwAkHYmSnApYn4ootu336VtE4TOsCx27h6ps0tLJ0OKlPHcWoDheWf19RCHnBoCkLsQAvD_BwE#idiq=4048627&edition=3440334,
,263,Faith and Life Series Grade 5 (Ignatius Press),Catholic,10-11,Ignatius Press (Catholic),used,8,1,8,https://www.abebooks.com/servlet/BookDetailsPL?bi=32131857427&dest=USA&ref_=ps_ggl_18382194370&cm_mmc=ggl-_-US_Shopp_Trade0to10-_-product_id=US9781586175672USED-_-keyword=&gad_source=1&gad_campaignid=17190383930&gbraid=0AAAAAD3Y6guzqjXpE_s66C4fEl0G_Pno9&gclid=CjwKCAjw4dDTBhAqEiwAkHYmSl4cnfDHq-1catfUx2RSpeVHkTbvNv6T5cOIUBpL_SZBB_LluJwCKhoCbGwQAvD_BwE,
,264,Saint Barbara: The Thunderstorm Saint,Eastern Orthodox. Catholic compatible,3-8,Potamitis Publishing,new,4,1,4,https://potamitis.us/products/103-paterikon-for-kids-saint-barbara-the-great-martyr?variant=32939514331170&country=US&currency=USD&utm_medium=product_sync&utm_source=google&utm_content=sag_organic&utm_campaign=sag_organic&srsltid=AfmBOoqend4FOOfZnjoi0sFODvkTlF3x-UOQ0pOlQ-pvhgJxCy4eaymfyeM,
,265,Saint Cecelia: Patroness of Music,Catholic. Part of Lives of the Saints books created by the author,5-9,Independently published by author (Catholic),used,12,1,12,https://www.thriftbooks.com/w/st-cecilia---childrens-christian-book---lives-of-the-saints/52638441/item/63961151/?utm_source=google&utm_medium=cpc&utm_campaign=shopping_new_condition_books_high_14637440387&utm_adgroup=&utm_term=&utm_content=545752455739&gad_source=4&gad_campaignid=14637440387&gbraid=0AAAAADwY45g6UbBx-2F9sWb4YP-GPhrw1&gclid=CjwKCAjw4dDTBhAqEiwAkHYmSnB3lifBCWJGrzGYr7ACm4Uhkr2eRmTQC3DY300j00UvceVM2_v8dRoCm2MQAvD_BwE#isbn=B0CZH41DHC&idiq=63961151,
,266,God's Superheroes: Amazing Catholic Men Vol1 and Vol2,Catholic,8-13,Our Sunday Visitor (Catholic),new,36,1,36,https://www.catholiccompany.com/products/gods-superheroes-amazing-catholic-men?variant=50928693444917&utm_term=&utm_campaign=&utm_source=adwords&utm_medium=ppc&hsa_acc=1453680900&hsa_cam=22798195594&hsa_grp=&hsa_ad=&hsa_src=x&hsa_tgt=&hsa_kw=&hsa_mt=&hsa_net=adwords&hsa_ver=3&gad_source=4&gad_campaignid=22788669336&gbraid=0AAAAAD_gYDEu304hhtt8Xr8c5dCv6YGk0&gclid=CjwKCAjw4dDTBhAqEiwAkHYmShOLSXLmP8PzUFFb3sEhL5Dtr7mZyW_lPIEj408cRRVZE9bzfqe_0BoCsx0QAvD_BwE,
,268,The Beginner's Bible: Jesus Heals the Sick by Kelly Pulley,Catholic compatible,0-4,Zonderkidz,used,7,1,7,https://www.thriftbooks.com/w/jesus-heals-the-sick_kelly-pulley/3288766/item/18937815/?utm_source=google&utm_medium=cpc&utm_campaign=us_shopping_zombies_hvml_22797775610&utm_adgroup=&utm_term=&utm_content=764091475358&gad_source=4&gad_campaignid=22797775610&gbraid=0AAAAADwY45iJ8TIT6OA1FOigKloWfnihz&gclid=CjwKCAjw4dDTBhAqEiwAkHYmSujYmmE10-kpdaf81v270eh-oL6dQMWLGiqShmjARV74GQlSTapmpxoC56gQAvD_BwE#idiq=18937815&edition=7964842,
,269,Our Lady Undoer of Knots by Sylvia Dorham,Catholic,5-8,TAN Books (Catholic),used,11,1,11,https://www.thriftbooks.com/w/our-lady-undoer-of-knots_sylvia-dorham/36470151/item/63681855/?utm_source=google&utm_medium=cpc&utm_campaign=us_shopping_zombies_lvml_22807994110&utm_adgroup=&utm_term=&utm_content=764425038940&gad_source=4&gad_campaignid=22807994110&gbraid=0AAAAADwY45gE5UbCZwJYanp8ZdYNoFidY&gclid=CjwKCAjw4dDTBhAqEiwAkHYmSsTBlN_IA8KgqpVy_sSh9WiJD8WhWorMUFp8IXMnpAZ6C7eLo4gqPRoCYXYQAvD_BwE#idiq=63681855&edition=64340454,
,270,Our Lady of Lourdes for Young Readers,Catholic,5-9,Catholic Books Publishing Corp. (Catholic),used,7,1,7,https://www.thriftbooks.com/w/our-lady-of-lourdes_lawrence-g-lovasik/2813325/item/10493477/?utm_source=google&utm_medium=cpc&utm_campaign=us_shopping_zombies_hvbl_22798464369&utm_adgroup=&utm_term=&utm_content=764383471566&gad_source=1&gad_campaignid=22798464369&gbraid=0AAAAADwY45i6kAUQfe3AL_1pc3nQ-thU5&gclid=CjwKCAjw4dDTBhAqEiwAkHYmSm98o5i9kixMzkrAr3wDc9unqwraiPxLRFe-awfCLUHG4UkG0lRmixoCWpcQAvD_BwE#idiq=10493477&edition=6475578,
,271,Saint Pio of Pietrelcina: Padre Pio for Youth,Catholic. Part of St. Joseph Picture book series,4-10,Catholic Books Publishing Corp. (Catholic),new,3,1,3,https://www.barnesandnoble.com/w/padre-pio-jude-winkler/1105983179?ean=9780899425313,
,272,Boy Who Became Pope By Fabiola Garza (Story of St. John Paul II or youth),Catholic. ,6-10,Pauline Books & Media (Catholic),used,12,1,12,https://www.thriftbooks.com/w/the-story-of-saint-john-paul-ii---complete-with-audio-a-boy-who-became-pope/9313007/item/89240184/?utm_source=google&utm_medium=cpc&utm_campaign=us_shopping_zombies_hvs_21811042479&utm_adgroup=&utm_term=&utm_content=717415192734&gad_source=4&gad_campaignid=21811042479&gbraid=0AAAAADwY45g3uyWm24DsvSgp_RW1JLK2I&gclid=CjwKCAjw4dDTBhAqEiwAkHYmSrh69IWmPJoq3I-yE45-oxDxAYHdxaS--6t7Z3RvnCfqAYj2Ln6cXRoCr4gQAvD_BwE#idiq=89240184&edition=8646698,
,273,Saint Mother Teresa: A Life of Service (for youth),"General Christian. Does not explain here religious vows, the Missionaries of Charity order, or her official Catholic canonization as a saint. ",4-10,Grow Grit Press LLC.,new,23,1,23,https://www.target.com/p/mother-teresa-mini-movers-and-shakers-by-mary-nhin-hardcover/-/A-1007270089#lnk=sametab,
,274,Saint Faustina Kowalska: Messenger of Mercy (for youth) [Encounter the Saints Series Vol. 23],Catholic. Part of Encounter the Saints series ,8-12,Pauline Books & Media (Catholic),used,9,1,9,https://www.thriftbooks.com/w/saint-faustina-kowalska-messenger-of-mercy_susan-helen-wallace/854679/item/10600892/?utm_source=google&utm_medium=cpc&utm_campaign=shopping_new_condition_books_high_14637440387&utm_adgroup=&utm_term=&utm_content=545752455739&gad_source=4&gad_campaignid=14637440387&gbraid=0AAAAADwY45g6UbBx-2F9sWb4YP-GPhrw1&gclid=CjwKCAjw4dDTBhAqEiwAkHYmSlv54zxKHpdkV6A0g1jzUX85KVi-q5lVSjCFitFyyV_acF72ozGawRoC224QAvD_BwE#idiq=10600892&edition=6384016,
,275,Stations of the Cross Illustrated for Youth,Catholic,6-12,Our Sunday Visitor (Catholic),used,5,1,5,https://www.thriftbooks.com/w/stations-of-the-cross-for-children/9281201/item/29446416/?utm_source=google&utm_medium=cpc&utm_campaign=us_shopping_zombies_lvbl_22798529178&utm_adgroup=&utm_term=&utm_content=764389928151&gad_source=1&gad_campaignid=22798529178&gbraid=0AAAAADwY45gUBfl_Ew_S9rqKr19ELeS2u&gclid=CjwKCAjw4dDTBhAqEiwAkHYmSimukjRUPnC8-dttL2NgPWZPokr6Q8NVr1HbuW8HmrIDvOpL0olgthoCqu8QAvD_BwE#idiq=29446416&edition=8611094,
,276,Lord of the World by Robert Hugh Benson (Young Adult)  ,Catholic,16 & up,"Dover Publications. But also available from Catholic publishers like Word on Fire Classics, Ave Maria Press, Cluny Media, and Angelus Press.",used,15,1,15,https://www.thriftbooks.com/w/lord-of-the-world_robert-hugh-benson/696246/item/15747905/?utm_source=google&utm_medium=cpc&utm_campaign=shopping_new_condition_books_high_14637440387&utm_adgroup=&utm_term=&utm_content=545756259058&gad_source=1&gad_campaignid=14637440387&gbraid=0AAAAADwY45hlBaqpkhLXUYe1ssmn8WeQP&gclid=CjwKCAjw4dDTBhAqEiwAkHYmShz3YXva-_Xhv8l6uIa_St9GAAqNmhMqUC7viRsuTBcPZvTxX9CnfhoCvCgQAvD_BwE#idiq=15747905&edition=10780131,
,277,Adam of the Road by Elizabeth Janet Gray (youth),General. Catholic compatible. Gives Catholicism historical accuracy and respect.,8-12,Originally published by Viking Press. This book is published by Scholastic Inc.,new,7,1,7,https://www.amazon.com/Adam-Road-Elizabeth-Gray/dp/0590339834,
,278,The Diary of Saint Gemma by Gemma Galgani,Catholic,16 & up,Sophia Institute Press (Catholic),used,14,1,14,https://www.thriftbooks.com/w/the-diary-of-saint-gemma-galgani_gemma-galgani/13519781/item/54020752/?utm_source=google&utm_medium=cpc&utm_campaign=shopping_new_condition_books_high_14637440387&utm_adgroup=&utm_term=&utm_content=545756259058&gad_source=1&gad_campaignid=14637440387&gbraid=0AAAAADwY45hlBaqpkhLXUYe1ssmn8WeQP&gclid=CjwKCAjw4dDTBhAqEiwAkHYmSk8k59bxYxHyo2-_RG_WLzBoZMD0bHvNSY4jpiPwpaIvtrlAv5dbxhoCfecQAvD_BwE#idiq=54020752&edition=65275463,
,279,To the Heights: Life of Blessed Pier Giorgio Frassati (Youth),Catholic,13 & up,TAN Books (Catholic),used,12,1,12,https://www.thriftbooks.com/w/to-the-heights-a-novel-based-on-the-life-of-blessed-pier-giorgio-frassati/9260880/item/23750529/?utm_source=google&utm_medium=cpc&utm_campaign=shopping_new_condition_books_high_14637440387&utm_adgroup=&utm_term=&utm_content=545813731367&gad_source=1&gad_campaignid=14637440387&gbraid=0AAAAADwY45hlBaqpkhLXUYe1ssmn8WeQP&gclid=CjwKCAjw4dDTBhAqEiwAkHYmSvHQ_ESjlEFztdpx-fn3QQegm1eAugXim3x8JQOaal8K0cPI5PReYhoCCMkQAvD_BwE#idiq=23750529&edition=8585042,
,280,Work Made Holy: St Josemaria Escriva & Call to Holiness in Everyday Life (Youth),Catholic,10-14,Independently Published ,new,13,1,13,https://www.walmart.com/ip/Work-Made-Holy-St-Josemaria-Escriva-and-the-Call-to-Holiness-in-Everyday-Life-with-70-Fun-Facts-and-Trivia-Paperback-9786210630923/16653308868?wmlspartner=wlpa&selectedSellerId=0&veh=seo_fpl&cn=google,
,281,The Illustrated Rosary For Children by Rev. Victor Hoagland,Catholic,4-8,Regina Press (Catholic),used,6,1,6,https://www.stjudeshop.com/shop-religious-articles/the-illustrated-rosary-for-children-hardcover-edition/?sku=RG14500&gad_source=1&gad_campaignid=21165092379&gbraid=0AAAAA9gxNOEJNlc2tsYOSDbyjdw8bdC1Y&gclid=CjwKCAjw4dDTBhAqEiwAkHYmSnkUcJLa4JgR8cPIEDNEDySx1Pz-5cDzV-nOfzWB0pl9glvT2F8N4hoCHdsQAvD_BwE,
,282,The Children of Fatima: Our Lady's Message to the World,Catholic,9-14,Tan Books (Catholic),used,7,1,7,https://www.thriftbooks.com/w/the-children-of-fatima-and-our-ladys-message-to-the-world-stories-of-the-saints-for-young-people-ages-10-to-100_mary-fabyan-windeatt/330132/item/1172956/?utm_source=google&utm_medium=cpc&utm_campaign=us_shopping_zombies_hvfl_2155271854&utm_adgroup=&utm_term=&utm_content=719329521330&gad_source=1&gad_campaignid=21855271854&gbraid=0AAAAADwY45hSlMnoDjH72iojgTLMDxoU1&gclid=CjwKCAjw4dDTBhAqEiwAkHYmSmw7b0xNjflPqIumaAuq71NAsuUD_gZQZW2-R8jlrEkMlOyKVRn_kxoC4skQAvD_BwE#idiq=1172956&edition=3359654,
,283,Dear Pope Francis: The Pope Answers Letters from Children Around the World ,Catholic,9-12,Independently Published ,used,16,1,16,https://www.amazon.com/dp/0829444335?_encoding=UTF8&psc=1&ref=cm_sw_r_ffobk_cp_ud_dp_S6WB8VJYEVQ4PNF950V8&ref_=cm_sw_r_ffobk_cp_ud_dp_S6WB8VJYEVQ4PNF950V8&social_share=cm_sw_r_ffobk_cp_ud_dp_S6WB8VJYEVQ4PNF950V8&bestFormat=true,
,284,The Children's Book of Virtues,General Christian. No conflicting teachings,4-8,Simon & Schuster Books for Young Readers,used,6,1,6,https://www.thriftbooks.com/w/the-book-of-virtues-a-treasury-of-great-moral-stories_william-j-bennett/247452/item/2541708/?utm_source=google&utm_medium=cpc&utm_campaign=us_shopping_zombies_hvml_22797775610&utm_adgroup=&utm_term=&utm_content=764091475358&gad_source=1&gad_campaignid=22797775610&gbraid=0AAAAADwY45jVzZKvY2t8sUpeT9A9lQY9u&gclid=CjwKCAjwvsvTBhBaEiwAmf-3ngnzIuSA_ScwO3m7c0rPTHDrRA-2_q1urmEcVQJ20SuEd5AxOcz1JhoCzogQAvD_BwE#idiq=2541708&edition=2275896,
,285,Pope John Paul II: Young Man of the Church,General christian. Catholic compatible.,8-12,Aladdin Paperbacks,used,6,1,6,https://www.betterworldbooks.com/product/detail/pope-john-paul-ii-young-man-of-the-church-9781416912828?shipto=US&curcode=USD&utm_source=google&utm_medium=cpc&utm_campaign=pMax-Used-USA&utm_content=&utm_term=&creative=&device=c&placement=&gad_source=1&gad_campaignid=16440140764&gbraid=0AAAAADMQnG-Ulq2xI30cALI0OuoBHilE5&gclid=CjwKCAjw4dDTBhAqEiwAkHYmSrtAboSofLsVNb1cm-hOIUIN4i-JwB0s7etFAquDsESMpViJHQROAhoC2yYQAvD_BwE,
,286,Saint Ignatius and the Company of Jesus,Catholic,9-15,Ignatius Press (Catholic),used,10,1,10,https://www.thriftbooks.com/w/saint-ignatius-and-the-company-of-jesus-vision-books_august-derleth_john-lawn/443382/item/1886877/?utm_source=google&utm_medium=cpc&utm_campaign=us_shopping_zombies_hvfl_2155271854&utm_adgroup=&utm_term=&utm_content=719329521330&gad_source=1&gad_campaignid=21855271854&gbraid=0AAAAADwY45hSlMnoDjH72iojgTLMDxoU1&gclid=CjwKCAjw4dDTBhAqEiwAkHYmSmVEdws_P3pAW0iKNiMXQHyDuuLKjvEHnhS8ZCu711IUufaWunUi-RoCr7QQAvD_BwE#idiq=1886877&edition=4244985,
,289,The First Christians: The Acts of the Apostles for Children,Catholic,8-12,Sophia Institute Press (Catholic),used,13,1,13,https://www.thriftbooks.com/w/the-first-christians-the-acts-of-the-apostles-for-children_marigold-hunt/501804/item/10209057/?utm_source=google&utm_medium=cpc&utm_campaign=shopping_new_condition_books_high_14637440387&utm_adgroup=&utm_term=&utm_content=545752455739&gad_source=4&gad_campaignid=14637440387&gbraid=0AAAAADwY45g6UbBx-2F9sWb4YP-GPhrw1&gclid=CjwKCAjw4dDTBhAqEiwAkHYmSscu0KTsvO3xHh9iPPCHwPZO1oX6xdKSRK6pb26zEvlziy4FZhTLehoCSTcQAvD_BwE#idiq=10209057&edition=5057126,
,290,Great Fathers of the Church: For Young Readers,Eastern Orthodox. Catholic compatible,7-12,Synaxis Press/Createspace Independent Publishing platform.,used,12,1,12,https://www.booksamillion.com/p/Great-Fathers-Church/Lazar-Puhalo/9781505972306,
,292,Guidebook for Confession for Children,Catholic,9-13,Sinag-Tala Publishers (Catholic),used,4,1,4,https://scepterpublishers.org/products/guidebook-for-confession-for-children?variant=16975163393&cmp_id=20735154687&adg_id=152536834702&kwd=&device=c&gad_source=4&gad_campaignid=20735154687&gbraid=0AAAAAC9w_A_NDFeEeIUJfmUzGppOJhzGt&gclid=CjwKCAjw4dDTBhAqEiwAkHYmSuc3tU7r01UyehOg-_Xy7b6FiCs7u7CPXpUxZEKkzrDD9OqpxvsSgRoCfIUQAvD_BwE&_su_rec=4FzR_y4mlYgg5SPLWgOQ8-E_0bbllwhyrgKr9KB2j-aGhpe8A6IElOLUYJ1YeCQEmf9oiI7KulTnJkT2FgKREGpWWkAeFJ8wQ0JLE2HBdop_1DbeACkKz9JsHNp9oS_eTUHIBEWRe5KNvgxPbx03MpZdEtENJ64n0zBKPjGoZLqJDuuNN6JrANRhjrCsf9BkB3-N4nk1HHW1clGQ7xghVWNOJyvUuDw2jSvNbF1gOmmBOC29KriQ-3L0JTt6_icPB0DJTFUCxMmlRyXsZ4DEVQ&_su_rec_id=53539962-80f6-4735-8daf-d54ec454f0d8-1786001895,
,299,Sharing Is Caring: A Story of Learning for All Children,"Not catholic. Teaches the basic social-emotional skill of sharing, general golden-rule morals, and contains zero religious formatting. No conflicting teaching.",1-10,Tellwell Talent,new,15,1,15,https://www.amazon.com/Sharing-Caring-Story-Learning-Children/dp/0228883458,
,300,Forgive and Let Go!: A Book About Forgiveness,"Not Catholic. Catholic compatible. It focuses purely on the psychological and social-emotional components of forgiveness and how to handle conflicts peacefully, and how to repair broken friendships. ",4-8,Free Spirit Publishing,used,6,1,6,https://www.thriftbooks.com/w/forgive-and-let-go-a-book-about-forgiveness_cheri-j-meiners/9786801/item/24209248/?utm_source=google&utm_medium=cpc&utm_campaign=high_vol_midlist_standard_shopping_customer_acquisition_20381777654&utm_adgroup=&utm_term=&utm_content=666157863328&gad_source=1&gad_campaignid=20381777654&gbraid=0AAAAADwY45heXE3P6a_dngO8FJdgYkKqF&gclid=CjwKCAjw4dDTBhAqEiwAkHYmSuy7fLayZul7fX3g9MXwf1AW8swOnhUpDJ0XUwMx2wwZEwVoy2ST2RoCL3kQAvD_BwE#idiq=24209248&edition=13067495,
,301,With Jesus I Tell the Truth,General Christian.,3-9,Good News Meditations Kids.,used,12,1,12,https://www.barnesandnoble.com/w/with-jesus-i-tell-the-truth-g-l-charles/1141929674?ean=9781990681509,
,302,Radiant & Brave: True Stories of Catholic Saints for Girls,Catholic,9-13,Independently published,new,15,1,15,https://www.thriftbooks.com/w/radiant--brave-true-stories-of-catholic-saints-for-girls-inspiring-lives-of-royal-queens-bold-visionaries-and-fierce-women-of-faith_clare-thrse-bellamy/59372752/item/89542085/?utm_source=google&utm_medium=cpc&utm_campaign=shopping_new_condition_books_high_14637440387&utm_adgroup=&utm_term=&utm_content=545752455739&gad_source=4&gad_campaignid=14637440387&gbraid=0AAAAADwY45g6UbBx-2F9sWb4YP-GPhrw1&gclid=CjwKCAjw4dDTBhAqEiwAkHYmShxXjVumF8iqUXCreco4bl-g9N4NKdNNXFjiKjdK0XhXKoxOOxPrvhoCKIUQAvD_BwE#idiq=89542085&edition=75930962,
,310,Elijah's Feathered Friends,General Christian,3-8,Children Book Hub,new,22,1,22,https://www.thriftbooks.com/w/elijahs-feathered-friends-5-bedtime-stories-of-ravens-and-miracles-bible-animal-bedtime-stories-for-kids/54022569/item/73701070/?utm_source=google&utm_medium=cpc&utm_campaign=shopping_new_condition_books_high_14637440387&utm_adgroup=&utm_term=&utm_content=545752455739&gad_source=4&gad_campaignid=14637440387&gbraid=0AAAAADwY45g6UbBx-2F9sWb4YP-GPhrw1&gclid=CjwKCAjw4dDTBhAqEiwAkHYmSmuP7x1tZQCXAcBZKvPSaXjTTAy1q1KDDCt8ybepboy0Pnk8Aq88NhoCWb8QAvD_BwE#idiq=73701070&edition=72004838,
,312,Story of Loaves and Fishes (picture book),General Christian,2-5,Ideals Children's Books/WorthyKids,used,19,1,19,https://www.thriftbooks.com/w/the-story-of-the-loaves-and-fishes-story-of_patricia-a-pingry/643386/item/6216729/?utm_source=google&utm_medium=cpc&utm_campaign=us_shopping_zombies_hvml_22797775610&utm_adgroup=&utm_term=&utm_content=764004335680&gad_source=1&gad_campaignid=22797775610&gbraid=0AAAAADwY45jVzZKvY2t8sUpeT9A9lQY9u&gclid=CjwKCAjw4dDTBhAqEiwAkHYmSkjp7-0DgqBdV2VS_js9gCQq-S_cCRgRWgwmrdTitMBpVSKux5sPgRoC8ukQAvD_BwE#idiq=6216729&edition=3716346,
,313,The Ten Lepers (picture book),Protestant but its Catholic Compatible. No protestant teachings,16 & up,Independently published,new,19,1,19,https://www.thriftbooks.com/w/the-ten-lepers-thorndike-christian-fiction_gregory-allen-parker/59511395/item/89717783/?utm_source=google&utm_medium=cpc&utm_campaign=shopping_new_condition_books_high_14637440387&utm_adgroup=&utm_term=&utm_content=593819619485&gad_source=4&gad_campaignid=14637440387&gbraid=0AAAAADwY45g6UbBx-2F9sWb4YP-GPhrw1&gclid=CjwKCAjw4dDTBhAqEiwAkHYmSlwFPSbUY_JlCmmApbng6jhrR2XlcmONeN8iM319k7INQQv9uxSY1RoC9PAQAvD_BwE#idiq=89717783&edition=76036074,
,314,Jairus's Girl (picture book),General Christian,9-12,Salted Lightly,used,10,1,10,https://www.worldofbooks.com/products/jairus-s-girl-book-l-r-hay-9781916077003?sku=GOR012439174,
,317,The Transfiguration of Our Lord (picture book),Eastern Orthodox. Catholic compatible,3-9,Conciliar press A.K. A. Ancient Faith Publishing,new,8,1,8,https://www.stdemianabookstore.org/product/the-transfiguration-of-lord/72UB2GX33CLATIF3Y54Y5DJW?cfa=gpl&channel=CH_4pbIFP7bF4khmbc0zj7EEO9D5GojfgYZDiodFVR29945o,
,318,Saint Elizabeth of Hungary for Little Ones,Catholic,10-14,St. Augustine Academy Press (Catholic),used,22,1,22,https://www.thriftbooks.com/w/the-story-of-saint-elizabeth-of-hungary_william-canton/14497170/item/26356954/?utm_source=google&utm_medium=cpc&utm_campaign=shopping_new_condition_books_high_14637440387&utm_adgroup=&utm_term=&utm_content=545752455739&gad_source=4&gad_campaignid=14637440387&gbraid=0AAAAADwY45g6UbBx-2F9sWb4YP-GPhrw1&gclid=CjwKCAjw4dDTBhAqEiwAkHYmSl80L8uRZcQ1AExfIrlGRUhIinxCdYSDanNcbZPchld-HyM2yg5wRhoCNrQQAvD_BwE#idiq=26356954&edition=15393272,
,319,"Edith Stein: Scholar, Feminist, Saint by Freda Mary Oben",Catholic,16 & up,Alba House (Catholic),used,8,1,8,https://www.thriftbooks.com/w/edith-stein-scholar-feminist-saint_freda-mary-oben/898339/item/1426548/?utm_source=google&utm_medium=cpc&utm_campaign=us_shopping_zombies_lvbl_22798529178&utm_adgroup=&utm_term=&utm_content=764389928151&gad_source=4&gad_campaignid=22798529178&gbraid=0AAAAADwY45i7u66t8reEjsKFfCugnQEYJ&gclid=CjwKCAjw4dDTBhAqEiwAkHYmSqKWooto-IWgrcQBWFNJX_SCuBtr5-_NkHsPIAHjB41YjU_muyQ4NhoCBvoQAvD_BwE#idiq=1426548&edition=1137451,
,320,Illustrated Lives of the Saints: For Every Day of the Year,Catholic,7-10,Catholic Book Publishing Corp. (Catholic),used,6,1,6,https://www.thriftbooks.com/w/illustrated-lives-of-the-saints/598928/item/15752484/?utm_source=google&utm_medium=cpc&utm_campaign=high_vol_midlist_standard_shopping_customer_acquisition_20381777654&utm_adgroup=&utm_term=&utm_content=666157863328&gad_source=1&gad_campaignid=20381777654&gbraid=0AAAAADwY45heXE3P6a_dngO8FJdgYkKqF&gclid=CjwKCAjw4dDTBhAqEiwAkHYmSrOZzVdWCmDWrmM3Q74shGSUWHbvKSQuUzuCW4Y1SFkgm5OJKBoqFBoCCxEQAvD_BwE#idiq=15752484&edition=3310337,
,321,Christmas and the Saints book by Hertha Pauli (Vision Book Series),Catholic,9-15,Ignatius Press (Catholic),used,20,1,20,https://www.thriftbooks.com/w/christmas-and-the-saints_hertha-pauli/38509164/item/72153917/?utm_source=google&utm_medium=cpc&utm_campaign=us_shopping_childrens_22852179116&utm_adgroup=&utm_term=&utm_content=766933689252&gad_source=1&gad_campaignid=22852179116&gbraid=0AAAAADwY45jehVqhEXbYsnOVyAVqiOODy&gclid=CjwKCAjw4dDTBhAqEiwAkHYmSiGUFxMagWVBW0iyYR_PHHFbPVIaG-h_CdeIoE9fpJu84RMZT6pSFBoCXgQQAvD_BwE#idiq=72153917&edition=8052647,
,322,The Seven Sacraments for Children,Catholic,4-7,Catholic Book Publishing Corp. (Catholic),used,5,1,5,https://www.thriftbooks.com/w/the-sacraments-st-joseph-picture-books_lawrence-g-lovasik/2824254/item/529987/?utm_source=google&utm_medium=cpc&utm_campaign=us_shopping_zombies_hvbl_22798464369&utm_adgroup=&utm_term=&utm_content=764383471566&gad_source=1&gad_campaignid=22798464369&gbraid=0AAAAADwY45i6kAUQfe3AL_1pc3nQ-thU5&gclid=CjwKCAjw4dDTBhAqEiwAkHYmSsmrphkanTTEYz-DoeVOw2lItAvH00e7DgoA3msxsdkH86nn-QtksRoCx0wQAvD_BwE#idiq=529987&edition=5586810,
,323,God's Promises: Bible Verses for Tiny Ones,Protestant but its Catholic Compatible. No protestant teachings,0-4,P&R Publishing,used,10,1,10,https://www.christianbook.com/tiny-hand-promises/9781629954301/pd/954301?en=google&event=SHOP&kw=ingram-0-20%7C954301&p=1179710&utm_source=google&p=1229913&dv=c&cb_src=google&cb_typ=shopping&cb_cmp=233748492&cb_adg=14846229612&cb_kyw=&utm_medium=shopping&gad_source=4&gad_campaignid=233748492&gbraid=0AAAAAD_dTHY_Ky5yKMpu6oSVR-UUw7zaA&gclid=CjwKCAjw4dDTBhAqEiwAkHYmSoLaPIN2YOsmpGXzbhGDwNB1kj0-ZWwMINWb_EkMRR5qdJEzEGz-aRoC4LUQAvD_BwE,
,324,My Angel in the Sky (Angel's Light Series),Catholic compatible.,3-8,Independently published,new,13,1,13,https://www.amazon.com/gp/product/B0FJMRX163?ref_=dbs_m_mng_rwt_calw_tpbk_0&storeType=ebooks&qid=1786042350&sr=1-2,
,325,Guardian Angel by My Side (Angel's Light Series),Catholic compatible.,3-8,Independently published,new,14,1,14,https://www.amazon.com/gp/product/B0FRXQ2SHM?ref_=dbs_m_mng_rwt_calw_tpbk_1&storeType=ebooks&qid=1786042350&sr=1-2,
,326,My Guardian Angel of Good Choices (Angel's Light Series),Catholic compatible.,3-8,Independently published,new,13,1,13,https://www.amazon.com/gp/product/B0FXFV1GDX?ref_=dbs_m_mng_rwt_calw_tpbk_2&storeType=ebooks&qid=1786042350&sr=1-2,
,327,My Guardian Angel: A Gift from God (Angel's Light Series),Catholic compatible.,3-8,Independently published,new,14,1,14,https://www.amazon.com/gp/product/B0GMWQ9MK2?ref_=dbs_m_mng_rwt_calw_tpbk_3&storeType=ebooks&qid=1786042350&sr=1-2,
,328,YOUCAT for Kids,YouCat Foundation,Catholic,8-12,Ignatius Press (Catholic),Used,10$,4,40$,YOUCAT for Kids book by YouCat Foundation
,329,The YOUCAT Bible,Pope Francis,Catholic,13-17,Ignatius Press (Catholic),Used,5$,2,10$,https://www.worldofbooks.com/products/youcat-bible-book-pope-francis-9781621640981?sku=CIN1621640981G&gad_source=1&gad_campaignid=21961281823&gbraid=0AAAAAC04ib2LytSqr73L3IS84vP-y5HUL&gclid=CjwKCAjwsfzSBhB5EiwAOGyqScR-3AmFxbyWeBQ9XuQqquUMuEdKSpTIE83XCPezeAA36XecPVSzNhoCeqoQAvD_BwE
,330,YOUCAT: Youth Catechism,YouCat Foundation,Catholic,13 & up,Ignatius Press (Catholic),Used,6$,2,12$,https://www.thriftbooks.com/w/youcat-deutsch_christoph-schnborn/249979/item/3901638/?utm_source=google&utm_medium=cpc&utm_campaign=high_vol_midlist_standard_shopping_customer_acquisition_20381777654&utm_adgroup=&utm_term=&utm_content=666157863328&gad_source=1&gad_campaignid=20381777654&gbraid=0AAAAADwY45gY5TcZVyhAuz7JjHhcxPQ-M&gclid=CjwKCAjwsfzSBhB5EiwAOGyqSTlOH99_MIRCtBaC5Z69mlgn_63n2cBT-xcjtayy7-Lozp49H53cphoCCTsQAvD_BwE#idiq=3901638&edition=6120281
,331,The Catholic Faith Handbook for Youth,Brian Singer-Towns,Catholic,14-18,Saint Mary's Press (Catholic),Used,4$,2,8$,https://www.worldofbooks.com/products/catholic-faith-handbook-for-youth-second-edition-book-brian-singer-towns-9780884899877?sku=CIN088489987XA&gad_source=1&gad_campaignid=21957241094&gbraid=0AAAAAC04ib0wq7Fq9MAK6YYvv-a59BkNy&gclid=CjwKCAjwsfzSBhB5EiwAOGyqSYEG6cvtmdGLEbDkP3zTASWKMJVp7n16aTcrgntbnGZBOTfC2mk4lhoCZVMQAvD_BwE
,332,YOUCAT Confirmation Student Book,Bernhard Meuser,Catholic,12-18,Ignatius Press (Catholic),Used,5$,2,10$,https://www.worldofbooks.com/products/youcat-confirmation-book-book-bernhard-meuser-9781586178352?sku=CIN1586178350VG&gad_source=1&gad_campaignid=22020745342&gbraid=0AAAAAC04ib3q0apg2IaCYzSoS_pB-V5J3&gclid=CjwKCAjwsfzSBhB5EiwAOGyqSdwH5Zic8Me28tI6qQjeyES4tcqHByaLA1Yr6GjNPAI4Vs9eXiiEexoCHJEQAvD_BwE
,333,YOUCAT Confession,"Bernhard Meuser, Auxiliary Bishop Emeritus Dr. Klaus Dick, Rudolf Gehrig, Fr. Andreas Sub",Catholic,13 & up,Ignatius Press (Catholic),New,13$,2,26$,https://ignatius.com/youcat-confession-ycconp/?utm_source=google&utm_medium=cpc&utm_campaign=23949749943&utm_content=&utm_term=&gad_source=1&gad_campaignid=23954851199&gbraid=0AAAAAD_ZLxgAFb0Tp1hA1bjh5deGtMNRS&gclid=CjwKCAjwsfzSBhB5EiwAOGyqSTiN6dQW8wqo1Ein0pHN9cgXzVE-M5e9skZkrs1Nb6l8E6ndSQW0gBoCluEQAvD_BwE
,334,YOUCAT Study Guide,"Brumley, Dudro, George, Kersting",Catholic,13 & up,Ignatius Press (Catholic),Used,5$,1,5$,https://www.worldofbooks.com/products/youcat-study-guide-book-j-kersting-9781586177010?sku=CIN158617701XA&gad_source=1&gad_campaignid=21957266543&gbraid=0AAAAAC04ib1sIowHobb_yrCm7662aQVZY&gclid=CjwKCAjwsfzSBhB5EiwAOGyqST5KoN4k36dOn7yFxYox2Xo6oBWSokpAckPplO_fu90JM435ajuyjxoCebkQAvD_BwE
,335,Theology for Beginners,Frank Sheed (F.J. Sheed),Catholic,16 & up,Ignatius Press (Catholic),Used,6$,1,6$,https://www.worldofbooks.com/products/theology-for-beginners-book-f-j-sheed-9781887593922?sku=CIN1887593926G&gad_source=1&gad_campaignid=22020745342&gbraid=0AAAAAC04ib3q0apg2IaCYzSoS_pB-V5J3&gclid=CjwKCAjwsfzSBhB5EiwAOGyqSXldD9LmQi2mqmHFFYmvUXF8xfKbc1pBVqM1y5DOooU-ASrNYcB2rhoCtGgQAvD_BwE
,336,Theology and Sanity ,Frank Sheed (F.J. Sheed),Catholic,17 & up,Ignatius Press (Catholic),Used,4$,1,4$,https://pangobooks.com/titles/theology-and-sanity/d3eb291c-a95b-484e-af59-501826433bf1-n8sDbh6IiDhjIMqLFgcWTPnqRCx1?campaignId=21316156799&gad_source=1&gad_campaignid=21316158698&gbraid=0AAAAABmGH5cJq8AHgBtGYOye3_c0_lOiV&gclid=CjwKCAjwsfzSBhB5EiwAOGyqSeI_AE3IQHYf_U0mYnj7aCqei2BT96xOEMUfnBjnta6JLydTa-B45hoCe2kQAvD_BwE
,337,Catholicism: A Journey to the Heart of the Faith (2011 edition),Fr. Robert Barron (Currently Bishop Robert Barron),Catholic,16 & up,Image Books (Second edition is published by Word on Fire Catholic Ministries),Used,6$,1,6$,https://www.worldofbooks.com/products/catholicism-book-father-robert-barron-9780307720511?sku=CIN0307720519G&gad_source=1&gad_campaignid=22715009701&gbraid=0AAAAAC04ib3vN5AZgaaM-6oAb7oCwSSJA&gclid=CjwKCAjwsfzSBhB5EiwAOGyqSfjU9TPjDjXpwCEpY01WZFr0q9kSnfVpf-I3B6437jzQwh36kSp2hxoCnYgQAvD_BwE
,338,Theology of the Body for Beginners,Christopher West,Catholic,16 & up,Wellspring (Catholic),Used,2$,4,8$,https://www.abebooks.com/book-search/isbn/9781635820072/used/
,339,YOUCAT: Youth Prayer Book,George Von Lengerke,Catholic,13 & up,Ignatius Press (Catholic),Used,4$,1,4$,https://www.worldofbooks.com/products/youcat-book-georg-von-lengerke-9781586177034?sku=CIN1586177036G&gad_source=1&gad_campaignid=21961281823&gbraid=0AAAAAC04ib2LytSqr73L3IS84vP-y5HUL&gclid=CjwKCAjwsfzSBhB5EiwAOGyqSbq7RK0pRBkExQQhrAb5_J1FUe4NE5YcFJTdwkORWoNtDrsXKiLxZBoCFi0QAvD_BwE
,340,DOCAT: The Social Teachings of Catholic Church ,YouCat Foundation,Catholic,13 & up,Ignatius Press (Catholic),Used,3$,2,6$,https://www.abebooks.com/servlet/BookDetailsPL?bi=32231086645&dest=USA&ref_=ps_ggl_11147913055&cm_mmc=ggl-_-US_Shopp_Textbook-_-product_id=US9781621641360USED-_-keyword=&gad_source=1&gad_campaignid=11147913055&gbraid=0AAAAAD3Y6gv5FkZV4uEQS4ZCB0PIVcO-f&gclid=CjwKCAjwsfzSBhB5EiwAOGyqSSB8DOWnbSqTawGlycbHOKXz0F6cva9Rx_UmGKVOxHUAQU6a0BCHZhoCswYQAvD_BwE
,341,Catechism of the Catholic Church (official),12 Cardinals and Bishops commissioned under St. John Paul II; primary editorial writer and coordinator of the text was Cardinal Christoph Schonborn,Catholic,16 & up,United States Conference of Catholic Bishops (USCCB),Used,5$,2,10$,https://www.abebooks.com/book-search/isbn/9780879739768/used/
,342,Stations Of The Cross,St. John Henry Newman,Catholic,16 & up,TAN Books (Catholic),used,8,1,8,https://www.catholiccompany.com/products/stations-of-the-cross?variant=50914206023989&utm_term=&utm_campaign=&utm_source=adwords&utm_medium=ppc&hsa_acc=1453680900&hsa_cam=22798195594&hsa_grp=&hsa_ad=&hsa_src=x&hsa_tgt=&hsa_kw=&hsa_mt=&hsa_net=adwords&hsa_ver=3&gad_source=4&gad_campaignid=22788669336&gbraid=0AAAAAD_gYDGRno4jcYuknC4Fs78lM8SYs&gclid=Cj0KCQjw4JbTBhCoARIsALWUaBu5UMxtU05rGEySQjbKSoeBt8v62ca5p4HIKiF4xG_txM07vGrTb2kaAta9EALw_wcB
,343,Laudato Si': On Care for Our Common Home,Pope Francis,Catholic,16 & up,Our Sunday Visitor (Catholic). But its an public Vatican document and has various publishers.,used,6$,1,6$,https://www.thriftbooks.com/w/praise-be-to-you---laudato-si-on-care-for-our-common-home_pope-francis/9659288/item/16778949/?utm_source=google&utm_medium=cpc&utm_campaign=us_shopping_zombies_hvfl_2155271854&utm_adgroup=&utm_term=&utm_content=719329521330&gad_source=4&gad_campaignid=21855271854&gbraid=0AAAAADwY45gfmgSiNsVQzXldyfI_u-LvO&gclid=CjwKCAjwvsvTBhBaEiwAmf-3npIiysmfwvUUJIsCG-6Vt1AfLlSOv1LIPmV6qan86jNJRg8I9IAr_xoCdHsQAvD_BwE#idiq=16778949&edition=8704509
,344,Fratelli Tutti: On Fraternity and Social Friendship (Papal Encyclical),Pope Francis,Catholic,16 & up,Twenty-Third Publications (Catholic),used,6$,1,6$,https://www.thriftbooks.com/w/fratelli-tutti-on-fraternity-and-social-friendship_pope-francis/27036868/item/53387732/?utm_source=google&utm_medium=cpc&utm_campaign=high_vol_midlist_standard_shopping_customer_acquisition_20381777654&utm_adgroup=&utm_term=&utm_content=666157863328&gad_source=4&gad_campaignid=20381777654&gbraid=0AAAAADwY45hLRWjaabzOEReIvA56FQYjL&gclid=CjwKCAjwvsvTBhBaEiwAmf-3ni7d_SbJ6HbX6U0k5QIhcD6gqf555jYKHoxPQMfXJ3kb0ngcMvoI_BoC17AQAvD_BwE#idiq=53387732&edition=57821651
,345,The Spiritual Exercises of St. Ignatius of Loyola,St. Ignatius of Loyola,Catholic,17 & up,TAN Books (Catholic),new,180,1,180,https://tanbooks.com/products/books/tan-classics-12-book-set/?sku=TC1500&gc_id=17487855346&gad_source=1&gad_campaignid=17487873334&gbraid=0AAAAADyykAzHpKsiJhhBpcMipCpkMS4AB&gclid=CjwKCAjwyabTBhBFEiwAM3mNUC9yZ10EpEQbfFtTGB3K-BF0XFm1nZYptZn6WD9zoxuiUIUbPE_UchoC3igQAvD_BwE
,346,The Way of Perfection ,St. Theresa of Avila,Catholic,16 & up,TAN Books (Catholic),,,,0,
,347,True Devotion to Mary ,St. Louis de Montfort,Catholic,16 & up,TAN Books (Catholic),,,,0,
,348,The Life of St. Francis of Assisi,St. Bonaventure,Catholic,15 & up,TAN Books (Catholic),,,,0,
,349,The Spiritual Combat,Dom Lorenzo Scupoli,Catholic,16 & up,TAN Books (Catholic),,,,0,
,350,The Dialogue of St. Catherine of Siena,St Catherine of Siena,Catholic,17 & up,TAN Books (Catholic),,,,0,
,351,The Imitation of Christ ,Thomas a Kempis,Catholic,15 & up,TAN Books (Catholic),,,,0,
,352,Introduction to the Devout Life ,St Francis de Sales,Catholic,15 & up,TAN Books (Catholic),,,,0,
,353,Story of a Soul ,St Therese of Lisieux,Catholic,13 & up,TAN Books (Catholic),,,,0,
,354,The Interior Castle ,St Teresa of Avila,Catholic,17 & up,TAN Books (Catholic),,,,0,
,355,The Dark Night of the Soul ,St John of Cross,Catholic,17 & up,TAN Books (Catholic),,,,0,
,356,Abandonment to Divine Providence ,Jean-Pierre de Caussade,Catholic,16 & up,TAN Books (Catholic),,,,0,
,357,The Practice of the Presence of God,Brother Lawrence of the Resurrection,Catholic,12 & up,ICS Publications (Catholic),new,18$,1,18$,https://www.icspublications.org/products/the-practice-of-the-presence-of-god?srsltid=AfmBOoozN3CM4xJRhcX-KOKl4NMXIVmFc498DYU3wLRanfCoK0Llg6el
,358,He and I,Gabrielle Bossis,Catholic,16 & up,Pauline Books & Media (Catholic),used,14$,1,14$,https://www.thriftbooks.com/w/he-and-i_gabrielle-bossis/248794/item/4249962/?utm_source=google&utm_medium=cpc&utm_campaign=us_shopping_zombies_hvs_21811042479&utm_adgroup=&utm_term=&utm_content=717524850233&gad_source=1&gad_campaignid=21811042479&gbraid=0AAAAADwY45hFBUTYlmqgXvwKuIAKmIjfZ&gclid=CjwKCAjwvsvTBhBaEiwAmf-3nhMwzGlJAmRHNKL920KCTNbwcPzfSlL7zIq33EPyZQBbhhf39vH3vhoCOuMQAvD_BwE#idiq=4249962&edition=2328616
,359,I Believe in Love ,Fr Jean C.J. d'Elbee,Catholic,14 & up,Sophia Institute Press (Catholic),used,7$,1,7$,https://www.worldofbooks.com/products/i-believe-in-love-book-jean-elbee-9781928832287?sku=CIN1928832288G&gad_source=1&gad_campaignid=21956486329&gbraid=0AAAAAC04ib3AorAAmOWaR-v0UYpso-Wc7&gclid=CjwKCAjwvsvTBhBaEiwAmf-3nl7W5IlScGvIC3IaMcMowUqngemo1NhLD6m35Ygg33DAKe35wJKxBhoC678QAvD_BwE
,360,The Reed of God,Caryll Houselander (British Catholic Mystic),Catholic,14 & up,Ave Maria Press (Catholic),used,10$,1,10$,https://www.thriftbooks.com/w/the-reed-of-god_caryll-houselander/310286/item/4921818/?utm_source=google&utm_medium=cpc&utm_campaign=us_shopping_zombies_hvs_21811042479&utm_adgroup=&utm_term=&utm_content=717524850233&gad_source=1&gad_campaignid=21811042479&gbraid=0AAAAADwY45hFBUTYlmqgXvwKuIAKmIjfZ&gclid=CjwKCAjwvsvTBhBaEiwAmf-3nnLtDTyomcoKUQrdywmLdQYDx62G5e-mgD1MyoBko6BaJgy0KPuHthoC8JwQAvD_BwE#idiq=4921818&edition=5082556
,361,The Sinner's Guide ,Ven. Louis of Granada,Catholic,17 & up,Martino Fine Books (reprint house),used,6$,1,6$,https://www.worldofbooks.com/products/sinner-s-guide-book-louis-of-granada-9781614279501?sku=NIN9781614279501&gad_source=4&gad_campaignid=22202746970&gbraid=0AAAAAC04ib02pqrTqsejVOu7sGL8jcBhe&gclid=CjwKCAjwvsvTBhBaEiwAmf-3np_tiHF511r0kIAHdG9O5Y4tBxizV1YExoIPZfVWJXsqSNGgkZOLWBoC1AYQAvD_BwE
,362,The Secret of the Rosary ,St. Louis de Montfort,Catholic,12 & up,Martino Fine Books (reprint house),used,4$,1,4$,https://www.thriftbooks.com/w/the-secret-of-the-rosary_louis-marie-grignion-de-montfort_mary-barbour/279887/item/29771587/?utm_source=google&utm_medium=cpc&utm_campaign=us_shopping_zombies_hvml_22797775610&utm_adgroup=&utm_term=&utm_content=764091475358&gad_source=1&gad_campaignid=22797775610&gbraid=0AAAAADwY45jVzZKvY2t8sUpeT9A9lQY9u&gclid=CjwKCAjwvsvTBhBaEiwAmf-3niK4qSSCc2v3bnAeSIvqYsgDb_ojpXMapg3YP4kjJ2Fw2ujoipHy6xoCqlcQAvD_BwE#idiq=29771587&edition=20854621
,363,The Diary of Saint Maria Faustina Kowalska : Divine Mercy in My Soul,Faustina Kowalska,Catholic,16 & up,Marian Press (Catholic),used,9$,1,9$,https://www.betterworldbooks.com/product/detail/the-diary-of-saint-maria-faustina-kowalska-divine-mercy-in-my-soul-9781596141100?shipto=US&curcode=USD&utm_source=google&utm_medium=cpc&utm_campaign=pMax-Used-USA&utm_content=&utm_term=&creative=&device=c&placement=&gad_source=1&gad_campaignid=16440140764&gbraid=0AAAAADMQnG-Ulq2xI30cALI0OuoBHilE5&gclid=CjwKCAjwvsvTBhBaEiwAmf-3nlmAl-n69xi0W1yPzMg2NVq7bAKFkLz1u4usgjJFdtcpl-Z8ZJguTBoC8G0QAvD_BwE